strategy,n_labels,accuracy,macro_f1
random,30,0.5831435079726651,0.4718833466708339
random,50,0.744874715261959,0.5713325336132353
random,70,0.7676537585421412,0.5503350990970843
random,90,0.765375854214123,0.5777130121392416
random,110,0.785876993166287,0.5784896312046458
random,130,0.835990888382688,0.5710925594646525
random,150,0.8246013667425968,0.5644595590194145
random,170,0.8337129840546698,0.6186069274730827
random,190,0.8154897494305239,0.5608090901824765
random,210,0.8314350797266514,0.5949682087100031
random,230,0.8451025056947609,0.6046380838957258
random,250,0.856492027334852,0.6403015709053834
random,270,0.8428246013667426,0.6043578971420133
random,290,0.8519362186788155,0.5819883040935673
random,310,0.8519362186788155,0.5804470120934074
random,330,0.8610478359908884,0.5852360412042819
random,350,0.8633257403189066,0.6182692512741773
random,370,0.856492027334852,0.582172297689539
random,390,0.8587699316628702,0.5828989134969437
random,410,0.856492027334852,0.6140553980221622
random,430,0.8701594533029613,0.622922480790501
random,450,0.8678815489749431,0.6231247322998971
random,470,0.8610478359908884,0.5855731042763462
random,490,0.8610478359908884,0.6182336182336182
random,510,0.8678815489749431,0.58970348647768
random,530,0.856492027334852,0.5809267005575539
random,550,0.8633257403189066,0.5864386822268214
random,570,0.8633257403189066,0.5863142705247969
random,590,0.8747152619589977,0.5939155736992965
random,610,0.8883826879271071,0.6382825402336851
random,630,0.8633257403189066,0.6224000637476751
random,650,0.8724373576309795,0.6609691965596619
random,670,0.8701594533029613,0.626805875681079
random,690,0.8747152619589977,0.6301529790660226
random,710,0.8678815489749431,0.5894857612919288
random,730,0.8678815489749431,0.5893498903782043
random,750,0.8656036446469249,0.5877734459605805
random,770,0.8678815489749431,0.58921080870159
random,790,0.8610478359908884,0.5841374873632939
random,810,0.8633257403189066,0.5857917470820696
random,830,0.8701594533029613,0.6593066861689719
random,30,0.5261958997722096,0.40597154783201295
random,50,0.7061503416856492,0.5224808722857232
random,70,0.7790432801822323,0.5576411386877764
random,90,0.8086560364464692,0.578404685308917
random,110,0.7790432801822323,0.5783435697003536
random,130,0.8337129840546698,0.6479230850091778
random,150,0.8314350797266514,0.6196939189438359
random,170,0.826879271070615,0.5923095584667637
random,190,0.8656036446469249,0.619127936031984
random,210,0.8496583143507973,0.6079809797482211
random,230,0.8838268792710706,0.6594747738912498
random,250,0.876993166287016,0.654531497432617
random,270,0.8701594533029613,0.6466943597448701
random,290,0.8701594533029613,0.6740362811791383
random,310,0.8701594533029613,0.6846696622157729
random,330,0.8747152619589977,0.6872981402791879
random,350,0.8792710706150342,0.6627788675368954
random,370,0.8838268792710706,0.6661828864099245
random,390,0.8678815489749431,0.6216956280175522
random,410,0.8701594533029613,0.6233819285289873
random,430,0.876993166287016,0.596428836037638
random,450,0.876993166287016,0.6306659690673803
random,470,0.8747152619589977,0.6276891704901318
random,490,0.8792710706150342,0.5976909140599407
random,510,0.8792710706150342,0.632048212238359
random,530,0.8747152619589977,0.5939849624060151
random,550,0.8792710706150342,0.5970209689081707
random,570,0.876993166287016,0.5963008185230407
random,590,0.8815489749430524,0.6335040499800225
random,610,0.8838268792710706,0.6379033218493472
random,630,0.876993166287016,0.5954382535027696
random,650,0.8678815489749431,0.5893492407809111
random,670,0.876993166287016,0.5955081382434129
random,690,0.8701594533029613,0.5917243250576584
random,710,0.876993166287016,0.5955696179671387
random,730,0.8724373576309795,0.5924597541726715
random,750,0.8792710706150342,0.5964308890330954
random,770,0.8724373576309795,0.5930453459669635
random,790,0.8792710706150342,0.5964989964989965
random,810,0.8701594533029613,0.5907181696821038
random,830,0.876993166287016,0.595033795033795
random,30,0.6287015945330297,0.5006228691319171
random,50,0.642369020501139,0.5034129338834816
random,70,0.7539863325740319,0.5600883076235189
random,90,0.7494305239179955,0.5686805840436361
random,110,0.8041002277904328,0.6138612292086223
random,130,0.7904328018223234,0.5666356582040711
random,150,0.7972665148063781,0.5912759401566619
random,170,0.8200455580865603,0.6068153978795988
random,190,0.826879271070615,0.5918259178215415
random,210,0.8428246013667426,0.6058885240168946
random,230,0.8428246013667426,0.6056245988680787
random,250,0.8473804100227791,0.5760869565217391
random,270,0.8473804100227791,0.6359537403015664
random,290,0.8405466970387244,0.6029892420136322
random,310,0.8451025056947609,0.6345895149959139
random,330,0.8473804100227791,0.632240775097918
random,350,0.8610478359908884,0.6475894867905924
random,370,0.8542141230068337,0.5825058480492514
random,390,0.8587699316628702,0.6166215563514413
random,410,0.8542141230068337,0.5806521739130435
random,430,0.8633257403189066,0.5867343702713037
random,450,0.8633257403189066,0.5870244919228765
random,470,0.8678815489749431,0.5892782848728886
random,490,0.8701594533029613,0.5902155887230515
random,510,0.8724373576309795,0.6270258187957404
random,530,0.8610478359908884,0.6222689227485421
random,550,0.8656036446469249,0.6533245939844148
random,570,0.876993166287016,0.6317831919301907
random,590,0.8610478359908884,0.5840842141743199
random,610,0.8678815489749431,0.6579241677177693
random,630,0.8701594533029613,0.6593069239335162
random,650,0.876993166287016,0.6931124049831657
random,670,0.8724373576309795,0.658047078480515
random,690,0.8633257403189066,0.6491131934169909
random,710,0.876993166287016,0.6314437478230581
random,730,0.8747152619589977,0.627904527521459
random,750,0.8747152619589977,0.5932667045854663
random,770,0.8656036446469249,0.6224625474938081
random,790,0.8701594533029613,0.5902834824967212
random,810,0.8701594533029613,0.5901443001443002
random,830,0.8724373576309795,0.5926584098157559
random,30,0.6446469248291572,0.5007549323282081
random,50,0.7608200455580866,0.5591365692814968
random,70,0.7722095671981777,0.5828602920914853
random,90,0.7562642369020501,0.5571335746774343
random,110,0.7790432801822323,0.6113265922550996
random,130,0.7767653758542141,0.5865034968132272
random,150,0.7813211845102506,0.5762542661563469
random,170,0.8177676537585421,0.6054271064981648
random,190,0.8200455580865603,0.6256689016724034
random,210,0.8314350797266514,0.5939399947131906
random,230,0.835990888382688,0.5974160124025715
random,250,0.8587699316628702,0.6162720523585814
random,270,0.8678815489749431,0.6239024323030233
random,290,0.8542141230068337,0.6116200612669225
random,310,0.8747152619589977,0.6573907021668216
random,330,0.8747152619589977,0.6268360182389313
random,350,0.8678815489749431,0.6549952616634925
random,370,0.876993166287016,0.6610225038234651
random,390,0.8633257403189066,0.6200655021834062
random,410,0.8678815489749431,0.6524155777887121
random,430,0.8678815489749431,0.6524035938352641
random,450,0.856492027334852,0.6150040800232205
random,470,0.8701594533029613,0.6256149366911347
random,490,0.8678815489749431,0.6228898113757192
random,510,0.8678815489749431,0.6219409282700422
random,530,0.8656036446469249,0.6201537998721468
random,550,0.8633257403189066,0.6195642133587446
random,570,0.8701594533029613,0.6243167382052474
random,590,0.8633257403189066,0.6188996841389788
random,610,0.8656036446469249,0.6224728487886382
random,630,0.8678815489749431,0.6268189292713514
random,650,0.8678815489749431,0.6577099338760845
random,670,0.8701594533029613,0.6840820047931645
random,690,0.8656036446469249,0.6810380332768392
random,710,0.8678815489749431,0.6822090817550149
random,730,0.8656036446469249,0.7109062980030721
random,750,0.8724373576309795,0.7158202688237442
random,770,0.8678815489749431,0.657187790760856
random,790,0.8701594533029613,0.6268063231092359
random,810,0.8656036446469249,0.6235065344698051
random,830,0.8656036446469249,0.6558576381764073
random,30,0.6013667425968109,0.48585717377700327
random,50,0.7289293849658315,0.5378625823564644
random,70,0.7972665148063781,0.5853563700630234
random,90,0.8154897494305239,0.5831079664772428
random,110,0.8382687927107062,0.5991725768321513
random,130,0.8314350797266514,0.594014134014134
random,150,0.8314350797266514,0.5695658638120725
random,170,0.8314350797266514,0.5689609836490566
random,190,0.835990888382688,0.6224124024124024
random,210,0.8314350797266514,0.5678322245958919
random,230,0.8405466970387244,0.572565445026178
random,250,0.8428246013667426,0.6033269753315615
random,270,0.8451025056947609,0.6048481090698167
random,290,0.8542141230068337,0.6403069388627761
random,310,0.8519362186788155,0.6118739489654165
random,330,0.8519362186788155,0.6121375226092538
random,350,0.856492027334852,0.6469254953571689
random,370,0.856492027334852,0.6403886372016437
random,390,0.8610478359908884,0.5868836938314762
random,410,0.8633257403189066,0.6520099201482571
random,430,0.8656036446469249,0.6508883205224655
random,450,0.8610478359908884,0.6176119239410379
random,470,0.856492027334852,0.6136798391116192
random,490,0.8610478359908884,0.645429001012625
random,510,0.8587699316628702,0.6158444271242537
random,530,0.8633257403189066,0.6468751326106005
random,550,0.8610478359908884,0.61745040877666
random,570,0.8656036446469249,0.6212687438006885
random,590,0.856492027334852,0.5822474566193159
random,610,0.856492027334852,0.5833775004507777
random,630,0.8701594533029613,0.6236343038983693
random,650,0.8724373576309795,0.6529700936433055
random,670,0.8724373576309795,0.6854329917621057
random,690,0.8678815489749431,0.6228768533960322
random,710,0.8724373576309795,0.6576500715385807
random,730,0.876993166287016,0.6607777200608761
random,750,0.8747152619589977,0.6300823830040005
random,770,0.8815489749430524,0.6347931772066947
random,790,0.876993166287016,0.6316766482966053
random,810,0.8747152619589977,0.6299250216153992
random,830,0.8701594533029613,0.5907181696821038
random,30,0.4624145785876993,0.4205306223654848
random,50,0.6788154897494305,0.5368483255699869
random,70,0.7380410022779044,0.5507426260241614
random,90,0.8246013667425968,0.6053521641756936
random,110,0.8291571753986332,0.6123523718682621
random,130,0.8382687927107062,0.6371073102436249
random,150,0.826879271070615,0.6335578749722178
random,170,0.8291571753986332,0.648703670525178
random,190,0.8382687927107062,0.6589273981480235
random,210,0.8496583143507973,0.6634073040722657
random,230,0.8519362186788155,0.6347536522855052
random,250,0.8519362186788155,0.6437788085652605
random,270,0.8542141230068337,0.6386167675655843
random,290,0.8587699316628702,0.672757585230233
random,310,0.8656036446469249,0.6503625710426757
random,330,0.8656036446469249,0.6485628963236806
random,350,0.8473804100227791,0.6068583531266807
random,370,0.8656036446469249,0.6533245939844148
random,390,0.8678815489749431,0.6787851142623372
random,410,0.8724373576309795,0.6818394321900634
random,430,0.8678815489749431,0.678943166373403
random,450,0.8701594533029613,0.6842215017404691
random,470,0.8792710706150342,0.7108609546633945
random,490,0.8747152619589977,0.6837541214485947
random,510,0.8838268792710706,0.690132643748604
random,530,0.8861047835990888,0.6652091017103633
random,550,0.876993166287016,0.6589686362604782
random,570,0.8883826879271071,0.6932485283926623
random,590,0.8724373576309795,0.6822795519655166
random,610,0.8792710706150342,0.7157683428686138
random,630,0.8883826879271071,0.7271152315400102
random,650,0.8815489749430524,0.7173013761553148
random,670,0.8906605922551253,0.7287011652024268
random,690,0.8792710706150342,0.6907732567516245
random,710,0.8724373576309795,0.6823410254304564
random,730,0.8838268792710706,0.6979887171940152
random,750,0.8929384965831435,0.7040498187665222
random,770,0.8906605922551253,0.6947832722239901
random,790,0.8883826879271071,0.6969035597977963
random,810,0.876993166287016,0.6890726318817152
random,830,0.8792710706150342,0.6907146680065099
random,30,0.5421412300683371,0.43879694808688036
random,50,0.6902050113895216,0.5196640020265942
random,70,0.7517084282460137,0.5482115929680651
random,90,0.8200455580865603,0.6138273635701424
random,110,0.8132118451025057,0.6284515636918383
random,130,0.8154897494305239,0.622577950251974
random,150,0.806378132118451,0.5938329733612268
random,170,0.806378132118451,0.5940245082231539
random,190,0.8154897494305239,0.5833166351865539
random,210,0.8200455580865603,0.6095367885462591
random,230,0.8382687927107062,0.6265863595064334
random,250,0.8314350797266514,0.6172703839370507
random,270,0.8542141230068337,0.6358726478457524
random,290,0.8496583143507973,0.6342413117963779
random,310,0.8405466970387244,0.6294399908521959
random,330,0.8473804100227791,0.6320492210275849
random,350,0.8496583143507973,0.640077540003997
random,370,0.8724373576309795,0.6607776323647908
random,390,0.8519362186788155,0.6435897435897436
random,410,0.8656036446469249,0.6531652955248265
random,430,0.8678815489749431,0.6546882267640701
random,450,0.8610478359908884,0.6450747154609816
random,470,0.8496583143507973,0.6398108310604204
random,490,0.8656036446469249,0.65054860653939
random,510,0.8633257403189066,0.6515581821664067
random,530,0.8542141230068337,0.6452048317697808
random,550,0.8656036446469249,0.6532763532763532
random,570,0.8701594533029613,0.6564580656332303
random,590,0.8610478359908884,0.6529869954901215
random,610,0.8656036446469249,0.6532467532467533
random,630,0.8701594533029613,0.6562941245113484
random,650,0.856492027334852,0.6442785054610247
random,670,0.8633257403189066,0.6513795217657878
random,690,0.8747152619589977,0.6570624874422343
random,710,0.8633257403189066,0.6518208432515253
random,730,0.8701594533029613,0.6540507351786892
random,750,0.8678815489749431,0.652345705340667
random,770,0.8701594533029613,0.6538762213280415
random,790,0.8656036446469249,0.6528990275645243
random,810,0.8610478359908884,0.617189613918591
random,830,0.8610478359908884,0.6178474811727718
random,30,0.6287015945330297,0.49184535564159576
random,50,0.6970387243735763,0.5364282399108435
random,70,0.7220956719817767,0.5345732738650572
random,90,0.7767653758542141,0.6008945517522438
random,110,0.7835990888382688,0.6042140294318374
random,130,0.8018223234624146,0.6240733389853489
random,150,0.8337129840546698,0.5960528360528361
random,170,0.8314350797266514,0.6213829366720903
random,190,0.8337129840546698,0.6380785747265297
random,210,0.8132118451025057,0.6288556936106845
random,230,0.8451025056947609,0.6545109098348871
random,250,0.8473804100227791,0.6526873854904428
random,270,0.8405466970387244,0.6312703805649933
random,290,0.8337129840546698,0.597313918524495
random,310,0.8496583143507973,0.6095823757493993
random,330,0.835990888382688,0.6532925655181611
random,350,0.856492027334852,0.6421257245999514
random,370,0.8451025056947609,0.631912576806409
random,390,0.8473804100227791,0.6359371333568818
random,410,0.8496583143507973,0.6372647970586115
random,430,0.8405466970387244,0.6257023130457255
random,450,0.8633257403189066,0.6469554134528754
random,470,0.876993166287016,0.6608597351070656
random,490,0.8587699316628702,0.6438291809951809
random,510,0.8587699316628702,0.6403132648066568
random,530,0.8724373576309795,0.6283345142803985
random,550,0.8792710706150342,0.6945055424631229
random,570,0.8610478359908884,0.6453458463087006
random,590,0.8678815489749431,0.6755682083144084
random,610,0.876993166287016,0.6640223747775235
random,630,0.8838268792710706,0.7022302132141949
random,650,0.8861047835990888,0.6627653285615586
random,670,0.876993166287016,0.688477356571575
random,690,0.8861047835990888,0.6674362674362674
random,710,0.8792710706150342,0.690264062614293
random,730,0.876993166287016,0.6585920697047645
random,750,0.8838268792710706,0.6659042602599758
random,770,0.8861047835990888,0.6675545851528385
random,790,0.8701594533029613,0.6843547828622456
random,810,0.876993166287016,0.6612422035155057
random,830,0.876993166287016,0.6611722091297897
random,30,0.5216400911161732,0.43717833958229413
random,50,0.6993166287015945,0.5361044079629702
random,70,0.7517084282460137,0.576489341633654
random,90,0.7471526195899773,0.56637238013207
random,110,0.7539863325740319,0.5658272561929014
random,130,0.7949886104783599,0.5990476417186179
random,150,0.7927107061503417,0.5816488204203235
random,170,0.8154897494305239,0.615695191578106
random,190,0.8382687927107062,0.6170327304048234
random,210,0.8405466970387244,0.6200524863737299
random,230,0.8291571753986332,0.6230945973435243
random,250,0.8314350797266514,0.6211721211942441
random,270,0.8428246013667426,0.6309694619199974
random,290,0.8519362186788155,0.6546322232596742
random,310,0.856492027334852,0.6621712632992459
random,330,0.8587699316628702,0.6636177348343824
random,350,0.8542141230068337,0.6629758270283026
random,370,0.8724373576309795,0.678538127238835
random,390,0.8633257403189066,0.6517234282425494
random,410,0.8656036446469249,0.6531695598405248
random,430,0.8587699316628702,0.6663141299651599
random,450,0.8542141230068337,0.643102977726944
random,470,0.8633257403189066,0.6492105171755063
random,490,0.856492027334852,0.6709343994020651
random,510,0.8656036446469249,0.6533548509035926
random,530,0.8633257403189066,0.6516702408821128
random,550,0.856492027334852,0.6164623922500438
random,570,0.8587699316628702,0.6483649059923395
random,590,0.8610478359908884,0.6529911735861392
random,610,0.8633257403189066,0.654510708583447
random,630,0.8519362186788155,0.6465722085659368
random,650,0.8542141230068337,0.6158423313595728
random,670,0.8656036446469249,0.656030389690737
random,690,0.8542141230068337,0.6160225442834139
random,710,0.8656036446469249,0.653006253006253
random,730,0.8519362186788155,0.6144204811860937
random,750,0.8724373576309795,0.6270258187957404
random,770,0.8587699316628702,0.6513895351094247
random,790,0.8701594533029613,0.6537052937683542
random,810,0.876993166287016,0.6609519441304786
random,830,0.8838268792710706,0.6936032297647929
random,30,0.6719817767653758,0.5213755629078209
random,50,0.7471526195899773,0.5608849923399966
random,70,0.7425968109339408,0.5576878436027825
random,90,0.7790432801822323,0.5886264482755711
random,110,0.7995444191343963,0.5885636800100118
random,130,0.8018223234624146,0.5884075818374913
random,150,0.8246013667425968,0.6067668207498716
random,170,0.8086560364464692,0.5943196393324272
random,190,0.8428246013667426,0.6228737963779306
random,210,0.8314350797266514,0.5939274753434046
random,230,0.8223234624145785,0.5870083321696226
random,250,0.8337129840546698,0.5946316541396095
random,270,0.8405466970387244,0.6243965144586263
random,290,0.835990888382688,0.6228689521030878
random,310,0.8519362186788155,0.6095526219288595
random,330,0.8610478359908884,0.6376171386782852
random,350,0.8587699316628702,0.6364373018072104
random,370,0.856492027334852,0.6371216173404356
random,390,0.856492027334852,0.64053738390363
random,410,0.8519362186788155,0.634129362028076
random,430,0.8610478359908884,0.6436712149846368
random,450,0.8587699316628702,0.6439828694146496
random,470,0.8610478359908884,0.6435235024024402
random,490,0.8519362186788155,0.6372537720008474
random,510,0.8610478359908884,0.6455084421202859
random,530,0.856492027334852,0.640462596984336
random,550,0.8633257403189066,0.6451300041895967
random,570,0.856492027334852,0.6371216173404356
random,590,0.856492027334852,0.6403839988459034
random,610,0.8610478359908884,0.6417609949652788
random,630,0.8701594533029613,0.6517718300204595
random,650,0.8610478359908884,0.6176803945394461
random,670,0.8587699316628702,0.6154932121763862
random,690,0.856492027334852,0.6404689259380335
random,710,0.8633257403189066,0.6454015685233646
random,730,0.8701594533029613,0.6543203516188895
random,750,0.8633257403189066,0.6435166806345846
random,770,0.8701594533029613,0.6540733201271008
random,790,0.8678815489749431,0.6233244387208493
random,810,0.8656036446469249,0.6510850613038797
random,830,0.8792710706150342,0.658117405943493
random,30,0.6241457858769932,0.47943706122430435
random,50,0.7790432801822323,0.5826956884479008
random,70,0.7813211845102506,0.6120503067990081
random,90,0.7813211845102506,0.5955303883108761
random,110,0.7813211845102506,0.5868453661657899
random,130,0.8291571753986332,0.6398726160488664
random,150,0.8314350797266514,0.61518762790712
random,170,0.826879271070615,0.6123578578194199
random,190,0.835990888382688,0.6590520304103888
random,210,0.8428246013667426,0.6561328880906743
random,230,0.8473804100227791,0.6439895230217811
random,250,0.8610478359908884,0.6211577084884013
random,270,0.8678815489749431,0.6260118482340705
random,290,0.8587699316628702,0.5835274740754386
random,310,0.8633257403189066,0.5864386822268214
random,330,0.8747152619589977,0.5941859330796996
random,350,0.8701594533029613,0.591601586576461
random,370,0.8678815489749431,0.5895697758496024
random,390,0.876993166287016,0.6318794190136171
random,410,0.8747152619589977,0.5957458383200958
random,430,0.8861047835990888,0.6675410610894482
random,450,0.8792710706150342,0.6311787093004844
random,470,0.8906605922551253,0.6398720125375473
random,490,0.8815489749430524,0.6009320578857003
random,510,0.876993166287016,0.5980182926829268
random,530,0.876993166287016,0.6287561195132483
random,550,0.8861047835990888,0.6350489909501205
random,570,0.8747152619589977,0.629119734671426
random,590,0.8792710706150342,0.6321248207601258
random,610,0.8724373576309795,0.6274736441364466
random,630,0.8701594533029613,0.6260680261201367
random,650,0.8724373576309795,0.6534481920083287
random,670,0.8678815489749431,0.6256514612768279
random,690,0.876993166287016,0.6641489994630911
random,710,0.8838268792710706,0.636449001957703
random,730,0.876993166287016,0.6316762018326124
random,750,0.8792710706150342,0.632048212238359
random,770,0.8861047835990888,0.6379747798260341
random,790,0.8792710706150342,0.6319076831812906
random,810,0.8838268792710706,0.6379648597968762
random,830,0.8815489749430524,0.6349839460950572
random,30,0.5330296127562643,0.421753059528646
random,50,0.7198177676537585,0.5160112925993143
random,70,0.7608200455580866,0.5630410834488971
random,90,0.7767653758542141,0.5587197889829468
random,110,0.7949886104783599,0.5709247244386237
random,130,0.8291571753986332,0.5928718303024322
random,150,0.8473804100227791,0.6060667086217747
random,170,0.8496583143507973,0.6360829610257528
random,190,0.8382687927107062,0.5992051788496543
random,210,0.8314350797266514,0.5954993721759373
random,230,0.8451025056947609,0.6043485942771614
random,250,0.8633257403189066,0.6177116540655867
random,270,0.8473804100227791,0.6056445224984551
random,290,0.8451025056947609,0.6048974539771496
random,310,0.8542141230068337,0.6343002934047709
random,330,0.8633257403189066,0.6420201708119083
random,350,0.8656036446469249,0.6469629871207311
random,370,0.856492027334852,0.6132548415157111
random,390,0.8519362186788155,0.6101712109265125
random,410,0.856492027334852,0.6140156820303879
random,430,0.8587699316628702,0.6154863905541412
random,450,0.8633257403189066,0.6473200417386872
random,470,0.8610478359908884,0.6169512868178132
random,490,0.8610478359908884,0.6177469786122686
random,510,0.8610478359908884,0.6168933015760617
random,530,0.8747152619589977,0.6269794394548299
random,550,0.8678815489749431,0.624417861103635
random,570,0.8724373576309795,0.6762112133866657
random,590,0.8678815489749431,0.6503222619437105
random,610,0.8747152619589977,0.6278388757964564
random,630,0.876993166287016,0.6610996064117906
random,650,0.8815489749430524,0.6919288839675084
random,670,0.8701594533029613,0.6237153971727275
random,690,0.8724373576309795,0.6272638117031709
random,710,0.8724373576309795,0.6581165612591425
random,730,0.8724373576309795,0.658047078480515
random,750,0.876993166287016,0.656355956795528
random,770,0.8792710706150342,0.6627656477438136
random,790,0.8678815489749431,0.6232660180415883
random,810,0.8724373576309795,0.6554614289187594
random,830,0.8747152619589977,0.6529343844561235
random,30,0.3416856492027335,0.31725402657606044
random,50,0.5968109339407744,0.447104986123074
random,70,0.7107061503416856,0.511434904894945
random,90,0.7334851936218679,0.5044676963959475
random,110,0.8018223234624146,0.5932623239699536
random,130,0.8132118451025057,0.5836334358073488
random,150,0.8337129840546698,0.6296844347871987
random,170,0.8086560364464692,0.5528716302298323
random,190,0.8246013667425968,0.5942773092194882
random,210,0.8542141230068337,0.5824477351916376
random,230,0.8542141230068337,0.5836767769893666
random,250,0.8428246013667426,0.6037716927527818
random,270,0.835990888382688,0.5988715507361368
random,290,0.8405466970387244,0.6014290021752708
random,310,0.8701594533029613,0.67712039584967
random,330,0.8678815489749431,0.6756438748496133
random,350,0.8633257403189066,0.6471167647257051
random,370,0.876993166287016,0.6611832611832612
random,390,0.8656036446469249,0.6198754064976675
random,410,0.8724373576309795,0.5931930331976
random,430,0.8587699316628702,0.6152093817068436
random,450,0.876993166287016,0.5960146111558934
random,470,0.8792710706150342,0.6656932185536305
random,490,0.8747152619589977,0.6595146242031246
random,510,0.8701594533029613,0.6593213719589239
random,530,0.876993166287016,0.6612482703371932
random,550,0.8747152619589977,0.6913900913900913
random,570,0.8701594533029613,0.625793120745335
random,590,0.8815489749430524,0.6672652474859605
random,610,0.8678815489749431,0.5900082149599316
random,630,0.8633257403189066,0.6221728007442294
random,650,0.8701594533029613,0.6269261077771716
random,670,0.8747152619589977,0.6288560651204119
random,690,0.8678815489749431,0.5911991090483166
random,710,0.8678815489749431,0.5892939280346244
random,730,0.8678815489749431,0.5903407537056281
random,750,0.8656036446469249,0.5882491719976407
random,770,0.8747152619589977,0.5940682534341977
random,790,0.8724373576309795,0.594193068440399
random,810,0.8656036446469249,0.6205032550654671
random,830,0.8701594533029613,0.6246408803553768
random,30,0.6742596810933941,0.49548660059003913
random,50,0.7084282460136674,0.5242597660496385
random,70,0.8200455580865603,0.5856695029108822
random,90,0.8223234624145785,0.5880038385664792
random,110,0.8132118451025057,0.6023003639298472
random,130,0.8337129840546698,0.6219198556886999
random,150,0.8451025056947609,0.6293778810340377
random,170,0.8405466970387244,0.6262413468460984
random,190,0.826879271070615,0.6179162422685739
random,210,0.8519362186788155,0.6389815155098547
random,230,0.8519362186788155,0.5794590643274854
random,250,0.8314350797266514,0.621362560005897
random,270,0.8405466970387244,0.6314616191586185
random,290,0.8519362186788155,0.6344042190645482
random,310,0.8519362186788155,0.6343340691685062
random,330,0.856492027334852,0.6408622975916081
random,350,0.8473804100227791,0.6442605781115834
random,370,0.8519362186788155,0.6417924259533063
random,390,0.8496583143507973,0.6427123769645687
random,410,0.8451025056947609,0.6370607055403588
random,430,0.8587699316628702,0.644137022397892
random,450,0.8633257403189066,0.6420275274998618
random,470,0.8519362186788155,0.6374774290502608
random,490,0.8656036446469249,0.6488516746411483
random,510,0.8496583143507973,0.6378739063991218
random,530,0.8633257403189066,0.62123793104041
random,550,0.8610478359908884,0.6186741729946758
random,570,0.8678815489749431,0.6257684737101417
random,590,0.8633257403189066,0.6224718196457327
random,610,0.8701594533029613,0.6258830625688364
random,630,0.8587699316628702,0.6179768576872259
random,650,0.856492027334852,0.6145469070195547
random,670,0.8587699316628702,0.6488871432312123
random,690,0.8678815489749431,0.6552421640001743
random,710,0.8678815489749431,0.658036831767619
random,730,0.8633257403189066,0.6214222672578548
random,750,0.8633257403189066,0.621474186215686
random,770,0.8587699316628702,0.618120767042747
random,790,0.8587699316628702,0.6181896442529622
random,810,0.8610478359908884,0.6479558683622916
random,830,0.8747152619589977,0.6599066073143056
random,30,0.5580865603644647,0.4487929727730034
random,50,0.6970387243735763,0.5359088079676315
random,70,0.7312072892938497,0.5593974821480635
random,90,0.7995444191343963,0.6057160811643609
random,110,0.8132118451025057,0.6306781357628816
random,130,0.8177676537585421,0.6273213997916398
random,150,0.8337129840546698,0.621520285910042
random,170,0.8177676537585421,0.60710463811239
random,190,0.8109339407744874,0.5819222575520057
random,210,0.826879271070615,0.6230464574567338
random,230,0.8451025056947609,0.6628247004816042
random,250,0.8405466970387244,0.6332403942573434
random,270,0.8473804100227791,0.6081970099649494
random,290,0.8747152619589977,0.7008446105973488
random,310,0.8724373576309795,0.6943689111795947
random,330,0.8724373576309795,0.628595592993978
random,350,0.8678815489749431,0.6253239141258398
random,370,0.8724373576309795,0.6512446673697846
random,390,0.8815489749430524,0.661781819906389
random,410,0.8724373576309795,0.6581458293463105
random,430,0.8701594533029613,0.6496445739082485
random,450,0.8792710706150342,0.6350599941469125
random,470,0.8610478359908884,0.6162928392716517
random,490,0.8678815489749431,0.6256053671877534
random,510,0.8542141230068337,0.615004903563256
random,530,0.8724373576309795,0.664346873106568
random,550,0.8678815489749431,0.6828517191566146
random,570,0.8792710706150342,0.6947749153738556
random,590,0.8724373576309795,0.6609691965596619
random,610,0.8701594533029613,0.6516983488302969
random,630,0.8701594533029613,0.6565898577288994
random,650,0.8633257403189066,0.6469554134528754
random,670,0.8701594533029613,0.6592337684755555
random,690,0.8678815489749431,0.6577234254239934
random,710,0.8724373576309795,0.628485136806184
random,730,0.8747152619589977,0.6286288287718915
random,750,0.876993166287016,0.6318196457326892
random,770,0.8747152619589977,0.6567313248255432
random,790,0.8792710706150342,0.6626780626780626
random,810,0.876993166287016,0.6889944931205788
random,830,0.8861047835990888,0.670434960770371
uncertainty,30,0.5831435079726651,0.4718833466708339
uncertainty,50,0.7084282460136674,0.5297384111737118
uncertainty,70,0.7289293849658315,0.526970546111215
uncertainty,90,0.8018223234624146,0.5762611873722984
uncertainty,110,0.8428246013667426,0.6215267089412876
uncertainty,130,0.8428246013667426,0.6037298248508345
uncertainty,150,0.8451025056947609,0.6061043132331857
uncertainty,170,0.8542141230068337,0.5819616881563784
uncertainty,190,0.8519362186788155,0.6100914794670732
uncertainty,210,0.8542141230068337,0.5823415725765436
uncertainty,230,0.8633257403189066,0.587025537101328
uncertainty,250,0.8656036446469249,0.5887427083163654
uncertainty,270,0.8724373576309795,0.6267326193006841
uncertainty,290,0.8724373576309795,0.6289422511644734
uncertainty,310,0.8656036446469249,0.6217176140842603
uncertainty,330,0.876993166287016,0.6334556354335396
uncertainty,350,0.8861047835990888,0.6369328088094313
uncertainty,370,0.876993166287016,0.6295899788799068
uncertainty,390,0.8838268792710706,0.6343434343434343
uncertainty,410,0.8724373576309795,0.6275439876521062
uncertainty,430,0.8792710706150342,0.6320547746177035
uncertainty,450,0.8815489749430524,0.6337256183938106
uncertainty,470,0.8838268792710706,0.6353128463861178
uncertainty,490,0.8861047835990888,0.6368457375322363
uncertainty,510,0.8883826879271071,0.639580996356884
uncertainty,530,0.8838268792710706,0.636449001957703
uncertainty,550,0.8815489749430524,0.6337598255297471
uncertainty,570,0.8724373576309795,0.6262398951278131
uncertainty,590,0.8724373576309795,0.6284198726133106
uncertainty,610,0.8861047835990888,0.6356059159177185
uncertainty,630,0.8815489749430524,0.6347906271649998
uncertainty,650,0.8838268792710706,0.6380788920342674
uncertainty,670,0.8883826879271071,0.639500805152979
uncertainty,690,0.8861047835990888,0.6395440934994688
uncertainty,710,0.8861047835990888,0.639605549822268
uncertainty,730,0.8861047835990888,0.639605549822268
uncertainty,750,0.876993166287016,0.6318157961785488
uncertainty,770,0.8815489749430524,0.6364368559094725
uncertainty,790,0.8906605922551253,0.6427087391247891
uncertainty,810,0.8861047835990888,0.6395440934994688
uncertainty,830,0.8815489749430524,0.6363732138434592
uncertainty,30,0.5261958997722096,0.40597154783201295
uncertainty,50,0.6970387243735763,0.5164702429453164
uncertainty,70,0.7266514806378133,0.5383233320229094
uncertainty,90,0.7995444191343963,0.5735946533513706
uncertainty,110,0.8291571753986332,0.5946073231174449
uncertainty,130,0.8519362186788155,0.6101576893320616
uncertainty,150,0.8473804100227791,0.6073809300845924
uncertainty,170,0.8337129840546698,0.5993788819875777
uncertainty,190,0.8519362186788155,0.5811207185175481
uncertainty,210,0.8473804100227791,0.5781381618945071
uncertainty,230,0.8542141230068337,0.5817921710594569
uncertainty,250,0.8656036446469249,0.6217321688500728
uncertainty,270,0.8724373576309795,0.5947019289517326
uncertainty,290,0.8815489749430524,0.5985418090681248
uncertainty,310,0.8701594533029613,0.59100415009698
uncertainty,330,0.8838268792710706,0.6003898635477583
uncertainty,350,0.8838268792710706,0.5997163916961792
uncertainty,370,0.8838268792710706,0.6009994334974923
uncertainty,390,0.876993166287016,0.5949140091608331
uncertainty,410,0.8815489749430524,0.598679481761606
uncertainty,430,0.8815489749430524,0.6350481539382008
uncertainty,450,0.8792710706150342,0.597398004294556
uncertainty,470,0.8838268792710706,0.6005748373101952
uncertainty,490,0.8906605922551253,0.641387419165197
uncertainty,510,0.8838268792710706,0.6003898635477583
uncertainty,530,0.8792710706150342,0.5966195711880128
uncertainty,550,0.8815489749430524,0.5979506247567988
uncertainty,570,0.8815489749430524,0.5980892638257985
uncertainty,590,0.876993166287016,0.6334458796236458
uncertainty,610,0.8929384965831435,0.678336837644451
uncertainty,630,0.8792710706150342,0.635076735794096
uncertainty,650,0.8861047835990888,0.6736147183666065
uncertainty,670,0.8906605922551253,0.6427136286613411
uncertainty,690,0.8929384965831435,0.6441864750322462
uncertainty,710,0.8883826879271071,0.6411323330814224
uncertainty,730,0.8861047835990888,0.6397090112415132
uncertainty,750,0.8861047835990888,0.6394172926218581
uncertainty,770,0.8861047835990888,0.6396030818508419
uncertainty,790,0.8906605922551253,0.6426513310894649
uncertainty,810,0.8906605922551253,0.6426513310894649
uncertainty,830,0.8861047835990888,0.6380984055372395
uncertainty,30,0.6287015945330297,0.5006228691319171
uncertainty,50,0.6947608200455581,0.5148764707369531
uncertainty,70,0.7835990888382688,0.5955237170635423
uncertainty,90,0.8473804100227791,0.6431060606060606
uncertainty,110,0.8473804100227791,0.6320618647183417
uncertainty,130,0.8382687927107062,0.6419764961375518
uncertainty,150,0.8382687927107062,0.6293475994926471
uncertainty,170,0.8473804100227791,0.6356415512958381
uncertainty,190,0.8519362186788155,0.6389830101170307
uncertainty,210,0.8656036446469249,0.648772305424666
uncertainty,230,0.8542141230068337,0.6385050368872411
uncertainty,250,0.8678815489749431,0.6501683501683503
uncertainty,270,0.8678815489749431,0.623427878284531
uncertainty,290,0.8656036446469249,0.6206564446049622
uncertainty,310,0.8701594533029613,0.6249121085765678
uncertainty,330,0.8747152619589977,0.6304600807912066
uncertainty,350,0.876993166287016,0.6320535431646542
uncertainty,370,0.8747152619589977,0.6290612801648455
uncertainty,390,0.8861047835990888,0.6368237510287252
uncertainty,410,0.8861047835990888,0.6381073767504062
uncertainty,430,0.8747152619589977,0.5945672457034671
uncertainty,450,0.8815489749430524,0.6336461797194511
uncertainty,470,0.8952164009111617,0.6442625683820009
uncertainty,490,0.8815489749430524,0.6363827371860541
uncertainty,510,0.8792710706150342,0.6349741012877445
uncertainty,530,0.8861047835990888,0.6395440934994688
uncertainty,550,0.8815489749430524,0.6364368559094725
uncertainty,570,0.8792710706150342,0.6349144246384993
uncertainty,590,0.8883826879271071,0.6410756674145612
uncertainty,610,0.8815489749430524,0.6365523100428516
uncertainty,630,0.8861047835990888,0.6395494277548917
uncertainty,650,0.8747152619589977,0.6302924605697086
uncertainty,670,0.8883826879271071,0.6411323330814224
uncertainty,690,0.8792710706150342,0.6349716544442711
uncertainty,710,0.8861047835990888,0.6396587404620574
uncertainty,730,0.8861047835990888,0.639605549822268
uncertainty,750,0.8838268792710706,0.6721855900669018
uncertainty,770,0.8815489749430524,0.6349839460950572
uncertainty,790,0.8838268792710706,0.6380938236792003
uncertainty,810,0.8792710706150342,0.6350257542310522
uncertainty,830,0.8929384965831435,0.6459712308025093
uncertainty,30,0.6446469248291572,0.5007549323282081
uncertainty,50,0.7198177676537585,0.5333506785848611
uncertainty,70,0.8200455580865603,0.6045562874139128
uncertainty,90,0.8086560364464692,0.5972832001200795
uncertainty,110,0.8337129840546698,0.619773744183123
uncertainty,130,0.8496583143507973,0.6333896831619669
uncertainty,150,0.8678815489749431,0.6500904622732034
uncertainty,170,0.8678815489749431,0.6522439585730725
uncertainty,190,0.8701594533029613,0.6536123553477132
uncertainty,210,0.8610478359908884,0.6163899102043432
uncertainty,230,0.8656036446469249,0.650800957130071
uncertainty,250,0.8792710706150342,0.6625517824843923
uncertainty,270,0.8792710706150342,0.6599517226245337
uncertainty,290,0.8701594533029613,0.6477864379545288
uncertainty,310,0.8724373576309795,0.6554535134975393
uncertainty,330,0.876993166287016,0.6585820499849632
uncertainty,350,0.8724373576309795,0.660970781867082
uncertainty,370,0.8792710706150342,0.6656334370771597
uncertainty,390,0.8815489749430524,0.6641468210618309
uncertainty,410,0.8815489749430524,0.6644323144104803
uncertainty,430,0.8861047835990888,0.6673503918579513
uncertainty,450,0.8883826879271071,0.6720205281076769
uncertainty,470,0.8815489749430524,0.6337802165848689
uncertainty,490,0.8906605922551253,0.641206530095419
uncertainty,510,0.8883826879271071,0.671986050349496
uncertainty,530,0.8815489749430524,0.6350481539382008
uncertainty,550,0.8815489749430524,0.6348599772257928
uncertainty,570,0.8792710706150342,0.6333350230893084
uncertainty,590,0.8747152619589977,0.6304074526296749
uncertainty,610,0.8838268792710706,0.6365776813295695
uncertainty,630,0.8861047835990888,0.6380364705345294
uncertainty,650,0.8883826879271071,0.6394952597394893
uncertainty,670,0.8906605922551253,0.6410842838669831
uncertainty,690,0.8838268792710706,0.6365682972093424
uncertainty,710,0.8838268792710706,0.6364491475602586
uncertainty,730,0.8815489749430524,0.6348599772257928
uncertainty,750,0.8883826879271071,0.6394272126510159
uncertainty,770,0.8838268792710706,0.6363822108157535
uncertainty,790,0.876993166287016,0.6332642596219977
uncertainty,810,0.8747152619589977,0.6301561129682821
uncertainty,830,0.8792710706150342,0.6334578323033435
uncertainty,30,0.6013667425968109,0.48585717377700327
uncertainty,50,0.7198177676537585,0.5426769702844436
uncertainty,70,0.7562642369020501,0.5743230698729419
uncertainty,90,0.7835990888382688,0.5595401371805665
uncertainty,110,0.8223234624145785,0.6055020043641398
uncertainty,130,0.856492027334852,0.6779060601845411
uncertainty,150,0.8382687927107062,0.6275853671653443
uncertainty,170,0.8542141230068337,0.6127103205939742
uncertainty,190,0.8747152619589977,0.6301669344093984
uncertainty,210,0.8656036446469249,0.6237753355624451
uncertainty,230,0.856492027334852,0.6400311063355382
uncertainty,250,0.8633257403189066,0.6542517207529571
uncertainty,270,0.856492027334852,0.6418320129660336
uncertainty,290,0.8610478359908884,0.647505030500102
uncertainty,310,0.8792710706150342,0.68668318362238
uncertainty,330,0.8633257403189066,0.6447033836023165
uncertainty,350,0.8701594533029613,0.6516967916347362
uncertainty,370,0.8747152619589977,0.6836177047543345
uncertainty,390,0.8838268792710706,0.6866508357600006
uncertainty,410,0.8815489749430524,0.659714479045738
uncertainty,430,0.8838268792710706,0.663586884790386
uncertainty,450,0.8747152619589977,0.6302937494990476
uncertainty,470,0.876993166287016,0.6295670379121489
uncertainty,490,0.8815489749430524,0.6350481539382008
uncertainty,510,0.876993166287016,0.6307890086211424
uncertainty,530,0.8815489749430524,0.6338183130048612
uncertainty,550,0.8906605922551253,0.673569845119674
uncertainty,570,0.8861047835990888,0.6676093218119927
uncertainty,590,0.8815489749430524,0.6349839460950572
uncertainty,610,0.8906605922551253,0.6734416544251873
uncertainty,630,0.8883826879271071,0.6412378544280649
uncertainty,650,0.876993166287016,0.6332642596219977
uncertainty,670,0.8815489749430524,0.6349839460950572
uncertainty,690,0.8883826879271071,0.6411271692432615
uncertainty,710,0.8815489749430524,0.6364395639604244
uncertainty,730,0.876993166287016,0.6318726540948764
uncertainty,750,0.876993166287016,0.6674444896667119
uncertainty,770,0.8815489749430524,0.6350414231208933
uncertainty,790,0.8838268792710706,0.6381809486544063
uncertainty,810,0.8861047835990888,0.6396735438764626
uncertainty,830,0.8792710706150342,0.6348513804482158
uncertainty,30,0.4624145785876993,0.4205306223654848
uncertainty,50,0.5398633257403189,0.45568112021209317
uncertainty,70,0.6765375854214123,0.5348363434078953
uncertainty,90,0.7312072892938497,0.5680552628497834
uncertainty,110,0.7972665148063781,0.600002093232579
uncertainty,130,0.8246013667425968,0.6433543500630745
uncertainty,150,0.835990888382688,0.6233936801252508
uncertainty,170,0.8314350797266514,0.6369577390677658
uncertainty,190,0.835990888382688,0.6511001100110011
uncertainty,210,0.835990888382688,0.6285694941175534
uncertainty,230,0.8542141230068337,0.6434756834756835
uncertainty,250,0.8451025056947609,0.6427683366690732
uncertainty,270,0.8542141230068337,0.6738148954909535
uncertainty,290,0.8701594533029613,0.6566551809365958
uncertainty,310,0.8815489749430524,0.6962843483441591
uncertainty,330,0.8815489749430524,0.6706232026711443
uncertainty,350,0.8747152619589977,0.6319200969571052
uncertainty,370,0.8792710706150342,0.6351291668840978
uncertainty,390,0.8678815489749431,0.6271732344659761
uncertainty,410,0.876993166287016,0.6672580812579509
uncertainty,430,0.8906605922551253,0.6767277672903423
uncertainty,450,0.8701594533029613,0.627296160629494
uncertainty,470,0.8815489749430524,0.6365645896550011
uncertainty,490,0.8724373576309795,0.6287053312725499
uncertainty,510,0.8883826879271071,0.6750735075715664
uncertainty,530,0.8861047835990888,0.637972130546388
uncertainty,550,0.8815489749430524,0.6363732138434592
uncertainty,570,0.876993166287016,0.6335064871192494
uncertainty,590,0.8906605922551253,0.6425955980244656
uncertainty,610,0.8906605922551253,0.6767157991523782
uncertainty,630,0.8861047835990888,0.6380367259905465
uncertainty,650,0.8792710706150342,0.6334578323033435
uncertainty,670,0.8838268792710706,0.6380331289943916
uncertainty,690,0.8861047835990888,0.6734861845972957
uncertainty,710,0.8952164009111617,0.6764878694806304
uncertainty,730,0.8838268792710706,0.6379594592872887
uncertainty,750,0.8861047835990888,0.6395440934994688
uncertainty,770,0.8906605922551253,0.6766598024876171
uncertainty,790,0.8929384965831435,0.6441756169654346
uncertainty,810,0.8906605922551253,0.6427087391247891
uncertainty,830,0.8952164009111617,0.6797087685976576
uncertainty,30,0.5421412300683371,0.43879694808688036
uncertainty,50,0.642369020501139,0.4978057893874685
uncertainty,70,0.7084282460136674,0.5474920817841172
uncertainty,90,0.7699316628701595,0.5650923744944569
uncertainty,110,0.7722095671981777,0.5711194540468094
uncertainty,130,0.8132118451025057,0.5802577709801013
uncertainty,150,0.8200455580865603,0.6074261090611222
uncertainty,170,0.835990888382688,0.5969565595116256
uncertainty,190,0.8337129840546698,0.5962022854364212
uncertainty,210,0.8314350797266514,0.5677491253551104
uncertainty,230,0.8451025056947609,0.578432505931639
uncertainty,250,0.8656036446469249,0.6209309641518593
uncertainty,270,0.8542141230068337,0.582869535108341
uncertainty,290,0.8587699316628702,0.6441910541661166
uncertainty,310,0.8610478359908884,0.6455841879082694
uncertainty,330,0.8587699316628702,0.6463615986004045
uncertainty,350,0.8587699316628702,0.6169561621174525
uncertainty,370,0.8724373576309795,0.6611497596593078
uncertainty,390,0.8678815489749431,0.6256500700945146
uncertainty,410,0.8678815489749431,0.6271099725770226
uncertainty,430,0.8747152619589977,0.630285835601104
uncertainty,450,0.8701594533029613,0.6288710204232361
uncertainty,470,0.876993166287016,0.5959328028293546
uncertainty,490,0.8815489749430524,0.6352077544130524
uncertainty,510,0.8724373576309795,0.628822079153205
uncertainty,530,0.876993166287016,0.6305894230333992
uncertainty,550,0.8792710706150342,0.6333979889216992
uncertainty,570,0.8815489749430524,0.6364974245768947
uncertainty,590,0.8792710706150342,0.6349741012877445
uncertainty,610,0.8838268792710706,0.6365130934667359
uncertainty,630,0.8906605922551253,0.6427087391247891
uncertainty,650,0.8747152619589977,0.6318078779856443
uncertainty,670,0.8861047835990888,0.6396030818508419
uncertainty,690,0.8792710706150342,0.63491430840485
uncertainty,710,0.8861047835990888,0.6394821680649208
uncertainty,730,0.8838268792710706,0.6378951680361159
uncertainty,750,0.8792710706150342,0.6348513804482158
uncertainty,770,0.8838268792710706,0.6379594592872887
uncertainty,790,0.8838268792710706,0.6380207388240557
uncertainty,810,0.8815489749430524,0.6382227119522946
uncertainty,830,0.8883826879271071,0.6429609449634871
uncertainty,30,0.6287015945330297,0.49184535564159576
uncertainty,50,0.7175398633257403,0.5508224827109522
uncertainty,70,0.8018223234624146,0.6174321061761813
uncertainty,90,0.8109339407744874,0.558082497212932
uncertainty,110,0.8428246013667426,0.5746163657161234
uncertainty,130,0.8246013667425968,0.5659589498347675
uncertainty,150,0.835990888382688,0.5718706078868555
uncertainty,170,0.8428246013667426,0.5728151284160896
uncertainty,190,0.8519362186788155,0.578564694919111
uncertainty,210,0.8656036446469249,0.652991452991453
uncertainty,230,0.856492027334852,0.5815367606412383
uncertainty,250,0.8428246013667426,0.6043396175724226
uncertainty,270,0.8701594533029613,0.6285394754916892
uncertainty,290,0.876993166287016,0.6319371879716708
uncertainty,310,0.8724373576309795,0.630298198040942
uncertainty,330,0.8792710706150342,0.6904962829013462
uncertainty,350,0.876993166287016,0.6306364390370301
uncertainty,370,0.8747152619589977,0.629196554227815
uncertainty,390,0.8815489749430524,0.6963453303973584
uncertainty,410,0.8815489749430524,0.6962000962000962
uncertainty,430,0.8792710706150342,0.6658290333677331
uncertainty,450,0.8656036446469249,0.6511435496510124
uncertainty,470,0.8747152619589977,0.6573907021668216
uncertainty,490,0.8701594533029613,0.6274105098349364
uncertainty,510,0.8906605922551253,0.6735510119182221
uncertainty,530,0.8747152619589977,0.5935685935685936
uncertainty,550,0.8747152619589977,0.630547053995914
uncertainty,570,0.8792710706150342,0.6658535445046511
uncertainty,590,0.8815489749430524,0.6366040931377852
uncertainty,610,0.8815489749430524,0.6705016694428708
uncertainty,630,0.8883826879271071,0.6751973442958331
uncertainty,650,0.8929384965831435,0.6783094976164282
uncertainty,670,0.8792710706150342,0.6334578323033435
uncertainty,690,0.8906605922551253,0.6766593325999266
uncertainty,710,0.8861047835990888,0.6396030818508419
uncertainty,730,0.876993166287016,0.6333296183194763
uncertainty,750,0.8792710706150342,0.6349741012877445
uncertainty,770,0.8815489749430524,0.6364974245768947
uncertainty,790,0.876993166287016,0.6334991750340572
uncertainty,810,0.8929384965831435,0.6441756169654346
uncertainty,830,0.8815489749430524,0.6364395639604244
uncertainty,30,0.5216400911161732,0.43717833958229413
uncertainty,50,0.5694760820045558,0.4644036275404455
uncertainty,70,0.6697038724373576,0.5124744070045356
uncertainty,90,0.7107061503416856,0.5456634868399575
uncertainty,110,0.7972665148063781,0.5976232917409389
uncertainty,130,0.8246013667425968,0.624517738655302
uncertainty,150,0.8428246013667426,0.6525418468019067
uncertainty,170,0.8542141230068337,0.6770196490613413
uncertainty,190,0.8542141230068337,0.6656621215088968
uncertainty,210,0.8451025056947609,0.6828289870469045
uncertainty,230,0.8542141230068337,0.6931264252867546
uncertainty,250,0.856492027334852,0.7049045424621462
uncertainty,270,0.8724373576309795,0.7108790224553773
uncertainty,290,0.8792710706150342,0.715590689503733
uncertainty,310,0.8701594533029613,0.6842215017404691
uncertainty,330,0.8678815489749431,0.6829081437217498
uncertainty,350,0.8792710706150342,0.665803259181867
uncertainty,370,0.8815489749430524,0.6704444408224175
uncertainty,390,0.8952164009111617,0.683605060649537
uncertainty,410,0.8883826879271071,0.6430170452909505
uncertainty,430,0.8861047835990888,0.6381510951047376
uncertainty,450,0.8906605922551253,0.6767277672903423
uncertainty,470,0.8929384965831435,0.708585462829945
uncertainty,490,0.8861047835990888,0.6736053342463794
uncertainty,510,0.89749430523918,0.6814216509370236
uncertainty,530,0.89749430523918,0.7117532505326514
uncertainty,550,0.8929384965831435,0.7087494941967845
uncertainty,570,0.8929384965831435,0.6782978041256187
uncertainty,590,0.8952164009111617,0.6798408162140781
uncertainty,610,0.8952164009111617,0.7102397225487209
uncertainty,630,0.8883826879271071,0.6411271692432615
uncertainty,650,0.8906605922551253,0.6767157991523782
uncertainty,670,0.8861047835990888,0.6735471792793315
uncertainty,690,0.8906605922551253,0.6767157991523782
uncertainty,710,0.8952164009111617,0.6798896576674355
uncertainty,730,0.8929384965831435,0.7086891905243093
uncertainty,750,0.8929384965831435,0.6750259523422703
uncertainty,770,0.8906605922551253,0.6427136286613411
uncertainty,790,0.8906605922551253,0.7070547656269386
uncertainty,810,0.8861047835990888,0.6734861845972957
uncertainty,830,0.8906605922551253,0.6766593325999266
uncertainty,30,0.6719817767653758,0.5213755629078209
uncertainty,50,0.7220956719817767,0.5547514244239603
uncertainty,70,0.8223234624145785,0.6277345198368558
uncertainty,90,0.8314350797266514,0.6121504587206116
uncertainty,110,0.8246013667425968,0.5876518971821714
uncertainty,130,0.8428246013667426,0.5769145344705047
uncertainty,150,0.8337129840546698,0.5961390844810533
uncertainty,170,0.8291571753986332,0.5931443131608295
uncertainty,190,0.856492027334852,0.6150110858276446
uncertainty,210,0.8587699316628702,0.6178364484195238
uncertainty,230,0.856492027334852,0.5832899403094699
uncertainty,250,0.8747152619589977,0.6288664566538092
uncertainty,270,0.8747152619589977,0.6300069662138628
uncertainty,290,0.876993166287016,0.6319894035221394
uncertainty,310,0.8792710706150342,0.6332691618920179
uncertainty,330,0.8724373576309795,0.6286973237633222
uncertainty,350,0.8724373576309795,0.6287654401452225
uncertainty,370,0.8815489749430524,0.6366136905690659
uncertainty,390,0.876993166287016,0.6335064529790696
uncertainty,410,0.8792710706150342,0.6350354826791015
uncertainty,430,0.876993166287016,0.6334556354335396
uncertainty,450,0.8861047835990888,0.6012509547898022
uncertainty,470,0.876993166287016,0.5951607819830529
uncertainty,490,0.8838268792710706,0.5997476386185018
uncertainty,510,0.8838268792710706,0.6380938236792003
uncertainty,530,0.8815489749430524,0.6365124269718944
uncertainty,550,0.8838268792710706,0.6380233788599609
uncertainty,570,0.8815489749430524,0.6363785761512671
uncertainty,590,0.8815489749430524,0.6365645896550011
uncertainty,610,0.8792710706150342,0.6350354826791015
uncertainty,630,0.8815489749430524,0.6365645896550011
uncertainty,650,0.8815489749430524,0.6365523100428516
uncertainty,670,0.8792710706150342,0.6349144246384993
uncertainty,690,0.8838268792710706,0.6366300366300366
uncertainty,710,0.8861047835990888,0.6395494277548917
uncertainty,730,0.8815489749430524,0.6366040931377852
uncertainty,750,0.8792710706150342,0.6333979889216992
uncertainty,770,0.8883826879271071,0.6411323330814224
uncertainty,790,0.8815489749430524,0.6365523100428516
uncertainty,810,0.8792710706150342,0.6349716544442711
uncertainty,830,0.8861047835990888,0.6380984055372395
uncertainty,30,0.6241457858769932,0.47943706122430435
uncertainty,50,0.6970387243735763,0.5270596017957364
uncertainty,70,0.7585421412300684,0.5653069656981567
uncertainty,90,0.8086560364464692,0.6172372174676323
uncertainty,110,0.826879271070615,0.6163338061046597
uncertainty,130,0.8200455580865603,0.5870097022970395
uncertainty,150,0.8405466970387244,0.6015733156835167
uncertainty,170,0.8496583143507973,0.6337668945563639
uncertainty,190,0.8724373576309795,0.6556506473557164
uncertainty,210,0.8587699316628702,0.6517634666376085
uncertainty,230,0.8678815489749431,0.6245374523248048
uncertainty,250,0.8678815489749431,0.6259420810537323
uncertainty,270,0.8633257403189066,0.5866554127169632
uncertainty,290,0.8701594533029613,0.6261670926588242
uncertainty,310,0.8701594533029613,0.5912786400591279
uncertainty,330,0.8724373576309795,0.5928667272648575
uncertainty,350,0.8678815489749431,0.5904187633755567
uncertainty,370,0.8678815489749431,0.5898004434589801
uncertainty,390,0.8815489749430524,0.6350998684281383
uncertainty,410,0.8792710706150342,0.5966717966717967
uncertainty,430,0.8792710706150342,0.6350838812616475
uncertainty,450,0.876993166287016,0.6333443919867295
uncertainty,470,0.8838268792710706,0.6397559304924653
uncertainty,490,0.8792710706150342,0.6367060832720827
uncertainty,510,0.8815489749430524,0.6366136905690659
uncertainty,530,0.8906605922551253,0.642659291549359
uncertainty,550,0.8906605922551253,0.6427136286613411
uncertainty,570,0.8952164009111617,0.6798408162140781
uncertainty,590,0.9020501138952164,0.6844363929146539
uncertainty,610,0.8952164009111617,0.679916767448541
uncertainty,630,0.8861047835990888,0.6396587404620574
uncertainty,650,0.8952164009111617,0.6457691553438262
uncertainty,670,0.8929384965831435,0.678357835277173
uncertainty,690,0.8952164009111617,0.6457691553438262
uncertainty,710,0.8883826879271071,0.6411861296242635
uncertainty,730,0.8883826879271071,0.6410675381263616
uncertainty,750,0.8906605922551253,0.642659291549359
uncertainty,770,0.8952164009111617,0.6458217075004141
uncertainty,790,0.8861047835990888,0.639605549822268
uncertainty,810,0.8838268792710706,0.6379594592872887
uncertainty,830,0.8838268792710706,0.6379594592872887
uncertainty,30,0.5330296127562643,0.421753059528646
uncertainty,50,0.6674259681093394,0.486619567544423
uncertainty,70,0.6902050113895216,0.4840423874084463
uncertainty,90,0.7995444191343963,0.5547855249229502
uncertainty,110,0.8542141230068337,0.6121953837895867
uncertainty,130,0.8701594533029613,0.6221114677903903
uncertainty,150,0.8678815489749431,0.5916830529458889
uncertainty,170,0.8792710706150342,0.5988302822894599
uncertainty,190,0.8724373576309795,0.6288346883468835
uncertainty,210,0.8792710706150342,0.5978376732145576
uncertainty,230,0.8838268792710706,0.636679424758895
uncertainty,250,0.876993166287016,0.6307658252064053
uncertainty,270,0.8815489749430524,0.6350699141760704
uncertainty,290,0.8747152619589977,0.630230070234637
uncertainty,310,0.8724373576309795,0.5931159420289855
uncertainty,330,0.876993166287016,0.6319360006176057
uncertainty,350,0.876993166287016,0.6641031392835853
uncertainty,370,0.8883826879271071,0.603386461382775
uncertainty,390,0.8747152619589977,0.5941859330796996
uncertainty,410,0.8861047835990888,0.6414620173807773
uncertainty,430,0.8838268792710706,0.5988783486759982
uncertainty,450,0.8952164009111617,0.676687009117337
uncertainty,470,0.8838268792710706,0.6366983189547025
uncertainty,490,0.8883826879271071,0.6396787621153411
uncertainty,510,0.8929384965831435,0.6750824128103962
uncertainty,530,0.8792710706150342,0.6321177061941791
uncertainty,550,0.8861047835990888,0.6396587404620574
uncertainty,570,0.8838268792710706,0.6381314115049993
uncertainty,590,0.8861047835990888,0.6396587404620574
uncertainty,610,0.8838268792710706,0.6721855900669018
uncertainty,630,0.8883826879271071,0.6412036874736675
uncertainty,650,0.8838268792710706,0.6381314115049993
uncertainty,670,0.8906605922551253,0.6426513310894649
uncertainty,690,0.8861047835990888,0.6394821680649208
uncertainty,710,0.8861047835990888,0.6395494277548917
uncertainty,730,0.8906605922551253,0.642659291549359
uncertainty,750,0.8838268792710706,0.6380233788599609
uncertainty,770,0.8815489749430524,0.6365645896550011
uncertainty,790,0.8838268792710706,0.6363122694353441
uncertainty,810,0.8861047835990888,0.6396587404620574
uncertainty,830,0.8838268792710706,0.6365682972093424
uncertainty,30,0.3416856492027335,0.31725402657606044
uncertainty,50,0.45785876993166286,0.38628405005556954
uncertainty,70,0.5990888382687927,0.48176048022700857
uncertainty,90,0.7266514806378133,0.5717520027864855
uncertainty,110,0.7517084282460137,0.5581227350181198
uncertainty,130,0.7904328018223234,0.5818698209035017
uncertainty,150,0.8246013667425968,0.5898829864347105
uncertainty,170,0.8542141230068337,0.6358057395143487
uncertainty,190,0.8542141230068337,0.6633314566740077
uncertainty,210,0.8678815489749431,0.6233988355167395
uncertainty,230,0.8610478359908884,0.6602485686891042
uncertainty,250,0.876993166287016,0.6978936297331294
uncertainty,270,0.8610478359908884,0.6822828978933134
uncertainty,290,0.8610478359908884,0.6780439215440858
uncertainty,310,0.8747152619589977,0.6916924597119897
uncertainty,330,0.8724373576309795,0.689991105387516
uncertainty,350,0.8701594533029613,0.6594428143363188
uncertainty,370,0.8747152619589977,0.6625111745090534
uncertainty,390,0.8815489749430524,0.722284426135499
uncertainty,410,0.8838268792710706,0.6688516798469899
uncertainty,430,0.8838268792710706,0.6978758668818422
uncertainty,450,0.8747152619589977,0.6916536157782058
uncertainty,470,0.8792710706150342,0.6906019353780547
uncertainty,490,0.8747152619589977,0.6626317069503519
uncertainty,510,0.8724373576309795,0.6609819658095631
uncertainty,530,0.8701594533029613,0.6284924942545597
uncertainty,550,0.876993166287016,0.6671900161030596
uncertainty,570,0.8838268792710706,0.7022931447906702
uncertainty,590,0.8815489749430524,0.7006581819017207
uncertainty,610,0.8792710706150342,0.6348540521791911
uncertainty,630,0.8815489749430524,0.6365523100428516
uncertainty,650,0.8792710706150342,0.6349144246384993
uncertainty,670,0.8838268792710706,0.6720784601579304
uncertainty,690,0.8792710706150342,0.6349716544442711
uncertainty,710,0.8838268792710706,0.6719604586478307
uncertainty,730,0.8861047835990888,0.6735471792793315
uncertainty,750,0.8883826879271071,0.6411323330814224
uncertainty,770,0.8861047835990888,0.6394172926218581
uncertainty,790,0.8861047835990888,0.639605549822268
uncertainty,810,0.8906605922551253,0.6765322967765264
uncertainty,830,0.8883826879271071,0.6411271692432615
uncertainty,30,0.6742596810933941,0.49548660059003913
uncertainty,50,0.6719817767653758,0.5109192768016297
uncertainty,70,0.7312072892938497,0.5521402950494774
uncertainty,90,0.8154897494305239,0.6031579637975448
uncertainty,110,0.8018223234624146,0.5760414918023614
uncertainty,130,0.8656036446469249,0.6217321688500728
uncertainty,150,0.8656036446469249,0.5892030531249547
uncertainty,170,0.8610478359908884,0.6208791076157302
uncertainty,190,0.8747152619589977,0.6304238149379257
uncertainty,210,0.8792710706150342,0.5973266499582289
uncertainty,230,0.8838268792710706,0.5996969696969697
uncertainty,250,0.8656036446469249,0.5880929419455972
uncertainty,270,0.8724373576309795,0.5933704155926378
uncertainty,290,0.8815489749430524,0.6350481539382008
uncertainty,310,0.8724373576309795,0.5927811599540699
uncertainty,330,0.8883826879271071,0.641378432962804
uncertainty,350,0.8792710706150342,0.6350838812616475
uncertainty,370,0.8815489749430524,0.6367027520542585
uncertainty,390,0.8815489749430524,0.6366597411591568
uncertainty,410,0.8838268792710706,0.6381866305844371
uncertainty,430,0.8861047835990888,0.6397090112415132
uncertainty,450,0.8906605922551253,0.6427633581148645
uncertainty,470,0.8906605922551253,0.6427651708812632
uncertainty,490,0.8952164009111617,0.6458448498249494
uncertainty,510,0.8929384965831435,0.6058843351695976
uncertainty,530,0.8929384965831435,0.6428526206303985
uncertainty,550,0.8883826879271071,0.6411861296242635
uncertainty,570,0.8838268792710706,0.6365776813295695
uncertainty,590,0.8838268792710706,0.6380207388240557
uncertainty,610,0.8906605922551253,0.6426588637488879
uncertainty,630,0.8883826879271071,0.6411271692432615
uncertainty,650,0.8838268792710706,0.6380207388240557
uncertainty,670,0.8838268792710706,0.6380790193914726
uncertainty,690,0.876993166287016,0.6332642596219977
uncertainty,710,0.8792710706150342,0.6348513804482158
uncertainty,730,0.8838268792710706,0.6365776813295695
uncertainty,750,0.8883826879271071,0.6411271692432615
uncertainty,770,0.876993166287016,0.6319317511370491
uncertainty,790,0.8838268792710706,0.6380788920342674
uncertainty,810,0.8861047835990888,0.6395440934994688
uncertainty,830,0.8883826879271071,0.6412370687789465
uncertainty,30,0.5580865603644647,0.4487929727730034
uncertainty,50,0.6970387243735763,0.5526761065099296
uncertainty,70,0.6719817767653758,0.523896157840083
uncertainty,90,0.7608200455580866,0.5815959319596353
uncertainty,110,0.8337129840546698,0.6401719446750839
uncertainty,130,0.8382687927107062,0.6414220247820515
uncertainty,150,0.8428246013667426,0.6232202119755953
uncertainty,170,0.8519362186788155,0.6506653740681397
uncertainty,190,0.8542141230068337,0.6582184871658555
uncertainty,210,0.856492027334852,0.6423064109750819
uncertainty,230,0.8678815489749431,0.6789504911332322
uncertainty,250,0.8701594533029613,0.6806166932482721
uncertainty,270,0.8633257403189066,0.6544268802993368
uncertainty,290,0.8656036446469249,0.6533245939844148
uncertainty,310,0.8815489749430524,0.6644323144104803
uncertainty,330,0.8656036446469249,0.6227676960871333
uncertainty,350,0.8633257403189066,0.6547400489036758
uncertainty,370,0.8747152619589977,0.6625111745090534
uncertainty,390,0.8701594533029613,0.656594645655533
uncertainty,410,0.8633257403189066,0.6226101413133832
uncertainty,430,0.8610478359908884,0.6532773635512078
uncertainty,450,0.8701594533029613,0.6567170902538616
uncertainty,470,0.8656036446469249,0.6562666493728405
uncertainty,490,0.8747152619589977,0.6302210442209139
uncertainty,510,0.8678815489749431,0.6241436925647452
uncertainty,530,0.8678815489749431,0.657782136500672
uncertainty,550,0.8815489749430524,0.6366136905690659
uncertainty,570,0.8724373576309795,0.6301550046452497
uncertainty,590,0.876993166287016,0.6333893921441222
uncertainty,610,0.8815489749430524,0.6364395639604244
uncertainty,630,0.8861047835990888,0.6380515297906603
uncertainty,650,0.8861047835990888,0.6396587404620574
uncertainty,670,0.8792710706150342,0.6350257542310522
uncertainty,690,0.8838268792710706,0.6379594592872887
uncertainty,710,0.8792710706150342,0.6348634376487902
uncertainty,730,0.8815489749430524,0.6363064850041731
uncertainty,750,0.8792710706150342,0.6347853042416486
uncertainty,770,0.8838268792710706,0.6378951680361159
uncertainty,790,0.8792710706150342,0.63491430840485
uncertainty,810,0.8861047835990888,0.6394821680649208
uncertainty,830,0.8792710706150342,0.6348513804482158
margin,30,0.5831435079726651,0.4718833466708339
margin,50,0.6902050113895216,0.509019216427642
margin,70,0.7722095671981777,0.5579156327543425
margin,90,0.8132118451025057,0.6107155949142405
margin,110,0.8314350797266514,0.5942809284517828
margin,130,0.8200455580865603,0.5655560821925447
margin,150,0.8337129840546698,0.5970235934664246
margin,170,0.8610478359908884,0.618167803419602
margin,190,0.8587699316628702,0.6141870836315587
margin,210,0.8633257403189066,0.58857952926271
margin,230,0.8587699316628702,0.615042749553619
margin,250,0.8656036446469249,0.6209867848350156
margin,270,0.8610478359908884,0.6187391382513334
margin,290,0.8724373576309795,0.6255176605645428
margin,310,0.8747152619589977,0.6278388757964564
margin,330,0.8861047835990888,0.6380515297906603
margin,350,0.8883826879271071,0.639367816091954
margin,370,0.8861047835990888,0.6379310344827586
margin,390,0.8883826879271071,0.6411323330814224
margin,410,0.8883826879271071,0.6750297906076801
margin,430,0.8883826879271071,0.6750297906076801
margin,450,0.8883826879271071,0.6410756674145612
margin,470,0.8838268792710706,0.6379648597968762
margin,490,0.8838268792710706,0.6379648597968762
margin,510,0.8883826879271071,0.6411861296242635
margin,530,0.8861047835990888,0.6381603072587961
margin,550,0.8861047835990888,0.6396030818508419
margin,570,0.9020501138952164,0.6844661511328178
margin,590,0.8929384965831435,0.6782435671324559
margin,610,0.8861047835990888,0.6396030818508419
margin,630,0.8861047835990888,0.6396030818508419
margin,650,0.8815489749430524,0.6364974245768947
margin,670,0.8838268792710706,0.6380790193914726
margin,690,0.8838268792710706,0.6380207388240557
margin,710,0.8838268792710706,0.6380207388240557
margin,730,0.8838268792710706,0.6380788920342674
margin,750,0.8861047835990888,0.6395440934994688
margin,770,0.8815489749430524,0.6348599772257928
margin,790,0.8792710706150342,0.6347853042416486
margin,810,0.876993166287016,0.631810372687058
margin,830,0.8792710706150342,0.63491430840485
margin,30,0.5261958997722096,0.40597154783201295
margin,50,0.7630979498861048,0.5645183228158022
margin,70,0.7585421412300684,0.5432304075659925
margin,90,0.8177676537585421,0.602652362064933
margin,110,0.8177676537585421,0.5843685323244686
margin,130,0.835990888382688,0.5979855072463768
margin,150,0.8428246013667426,0.6050496046484756
margin,170,0.8382687927107062,0.6288684719535783
margin,190,0.8451025056947609,0.6334192993767462
margin,210,0.8542141230068337,0.6425756915230425
margin,230,0.8519362186788155,0.6364509196944769
margin,250,0.8451025056947609,0.6359472896472599
margin,270,0.8542141230068337,0.6480821865799655
margin,290,0.8587699316628702,0.6759297220455062
margin,310,0.856492027334852,0.6440832167097746
margin,330,0.8678815489749431,0.6265684523123004
margin,350,0.8587699316628702,0.6201133708643546
margin,370,0.8678815489749431,0.6264767772153181
margin,390,0.8861047835990888,0.669962441406164
margin,410,0.8678815489749431,0.6239902943571991
margin,430,0.8792710706150342,0.6687132388696494
margin,450,0.8747152619589977,0.6314519988487013
margin,470,0.8724373576309795,0.6640006187744881
margin,490,0.8701594533029613,0.6270370370370371
margin,510,0.8678815489749431,0.6256514612768279
margin,530,0.8838268792710706,0.6365223470010523
margin,550,0.8724373576309795,0.6642739395283828
margin,570,0.8792710706150342,0.6348540521791911
margin,590,0.876993166287016,0.630455195803489
margin,610,0.8906605922551253,0.642528100239543
margin,630,0.8815489749430524,0.6703059581320451
margin,650,0.8883826879271071,0.6750885668276972
margin,670,0.8883826879271071,0.641005031830583
margin,690,0.8815489749430524,0.6364368559094725
margin,710,0.8838268792710706,0.6378951680361159
margin,730,0.8861047835990888,0.6396735438764626
margin,750,0.8838268792710706,0.6380207388240557
margin,770,0.8838268792710706,0.6363848631239936
margin,790,0.8929384965831435,0.6749720980009938
margin,810,0.8883826879271071,0.6410675381263616
margin,830,0.8906605922551253,0.6766743272537611
margin,30,0.6287015945330297,0.5006228691319171
margin,50,0.765375854214123,0.5931490032692607
margin,70,0.8428246013667426,0.6250093110099554
margin,90,0.8496583143507973,0.6311312327345787
margin,110,0.8314350797266514,0.59557437242001
margin,130,0.8542141230068337,0.6151342997692743
margin,150,0.8542141230068337,0.5809936766034327
margin,170,0.8496583143507973,0.6290617210343712
margin,190,0.856492027334852,0.6136784225480983
margin,210,0.8747152619589977,0.6303136654895449
margin,230,0.8587699316628702,0.6440560092953039
margin,250,0.8610478359908884,0.6458759325275312
margin,270,0.8792710706150342,0.6313909364504733
margin,290,0.8815489749430524,0.6351188921246096
margin,310,0.8792710706150342,0.6334578323033435
margin,330,0.876993166287016,0.6333297001659571
margin,350,0.8633257403189066,0.5866975075699576
margin,370,0.8701594533029613,0.5902155887230515
margin,390,0.8724373576309795,0.6286973237633222
margin,410,0.8861047835990888,0.6396232345895794
margin,430,0.8792710706150342,0.6349293007889484
margin,450,0.8633257403189066,0.6240651556269031
margin,470,0.8883826879271071,0.6411323330814224
margin,490,0.8815489749430524,0.5980892638257985
margin,510,0.8815489749430524,0.6365523100428516
margin,530,0.8838268792710706,0.6380233788599609
margin,550,0.8906605922551253,0.6043567238819952
margin,570,0.8815489749430524,0.6364974245768947
margin,590,0.8815489749430524,0.6364974709831951
margin,610,0.8724373576309795,0.630394256930329
margin,630,0.8815489749430524,0.6365523100428516
margin,650,0.8906605922551253,0.642659291549359
margin,670,0.8815489749430524,0.6364395639604244
margin,690,0.8815489749430524,0.6364974709831951
margin,710,0.876993166287016,0.6334458796236458
margin,730,0.8883826879271071,0.6410675381263616
margin,750,0.8792710706150342,0.6349741012877445
margin,770,0.8838268792710706,0.6379594592872887
margin,790,0.876993166287016,0.6333917673029477
margin,810,0.8792710706150342,0.6332691618920179
margin,830,0.8792710706150342,0.63491430840485
margin,30,0.6446469248291572,0.5007549323282081
margin,50,0.7038724373576309,0.5253732533034877
margin,70,0.7539863325740319,0.5554598658046934
margin,90,0.8132118451025057,0.6018388043275493
margin,110,0.8451025056947609,0.6306282440610799
margin,130,0.8519362186788155,0.6414234985332715
margin,150,0.876993166287016,0.6638079270296219
margin,170,0.8792710706150342,0.6579135695015523
margin,190,0.8519362186788155,0.6408468761001035
margin,210,0.8792710706150342,0.6625362255203302
margin,230,0.8656036446469249,0.6527065527065526
margin,250,0.8815489749430524,0.6637228432011478
margin,270,0.876993166287016,0.660948315959397
margin,290,0.8656036446469249,0.650800957130071
margin,310,0.8678815489749431,0.6549508878491888
margin,330,0.8701594533029613,0.6591623667010664
margin,350,0.8747152619589977,0.6624248006353534
margin,370,0.8701594533029613,0.6270632951477552
margin,390,0.8792710706150342,0.6656109877671847
margin,410,0.8792710706150342,0.632056592233834
margin,430,0.876993166287016,0.63058816345263
margin,450,0.8724373576309795,0.628822079153205
margin,470,0.8861047835990888,0.6380364705345294
margin,490,0.8701594533029613,0.6270430640445465
margin,510,0.8792710706150342,0.6629510150108258
margin,530,0.8724373576309795,0.6287716659918638
margin,550,0.8747152619589977,0.6290118928684368
margin,570,0.8701594533029613,0.6259670093462398
margin,590,0.8792710706150342,0.6334034214828916
margin,610,0.8815489749430524,0.6349262610845475
margin,630,0.8883826879271071,0.6411271692432615
margin,650,0.8861047835990888,0.6394821680649208
margin,670,0.8861047835990888,0.6395440934994688
margin,690,0.8815489749430524,0.6363064850041731
margin,710,0.8883826879271071,0.6410675381263616
margin,730,0.8838268792710706,0.6380790193914726
margin,750,0.8861047835990888,0.6396030818508419
margin,770,0.8883826879271071,0.641005031830583
margin,790,0.8792710706150342,0.6333378555600778
margin,810,0.8838268792710706,0.6380207388240557
margin,830,0.8792710706150342,0.63491430840485
margin,30,0.6013667425968109,0.48585717377700327
margin,50,0.6993166287015945,0.5288852843014585
margin,70,0.7585421412300684,0.5794643159987071
margin,90,0.806378132118451,0.592926761347814
margin,110,0.8428246013667426,0.6277208439601205
margin,130,0.8701594533029613,0.6565898577288994
margin,150,0.8519362186788155,0.643956380835596
margin,170,0.8519362186788155,0.6372537720008474
margin,190,0.8656036446469249,0.6484820839593068
margin,210,0.8656036446469249,0.6485628963236806
margin,230,0.8724373576309795,0.6557441639032078
margin,250,0.876993166287016,0.6588706117550062
margin,270,0.8701594533029613,0.6564489112227806
margin,290,0.8747152619589977,0.6597102208256961
margin,310,0.8838268792710706,0.6688679358831147
margin,330,0.8815489749430524,0.6673219732858552
margin,350,0.8792710706150342,0.6690264405591764
margin,370,0.8906605922551253,0.6428281657490582
margin,390,0.8838268792710706,0.6380788920342674
margin,410,0.8929384965831435,0.6441864750322462
margin,430,0.8838268792710706,0.6380233788599609
margin,450,0.8929384965831435,0.6442933672142597
margin,470,0.8861047835990888,0.6738101888804225
margin,490,0.8906605922551253,0.6767277672903423
margin,510,0.8883826879271071,0.6751973442958331
margin,530,0.8792710706150342,0.6350257542310522
margin,550,0.8861047835990888,0.6704885433343747
margin,570,0.8861047835990888,0.673716461795932
margin,590,0.8883826879271071,0.6411861296242635
margin,610,0.8838268792710706,0.6380233788599609
margin,630,0.8929384965831435,0.6783094976164282
margin,650,0.8861047835990888,0.639605549822268
margin,670,0.876993166287016,0.6333297001659571
margin,690,0.8861047835990888,0.6394172926218581
margin,710,0.8861047835990888,0.6395440934994688
margin,730,0.8838268792710706,0.6379594592872887
margin,750,0.8906605922551253,0.6766593325999266
margin,770,0.8815489749430524,0.6363732138434592
margin,790,0.8792710706150342,0.6347853042416486
margin,810,0.8861047835990888,0.639605549822268
margin,830,0.8838268792710706,0.6379594592872887
margin,30,0.4624145785876993,0.4205306223654848
margin,50,0.621867881548975,0.49836361986498523
margin,70,0.7699316628701595,0.5908749898650744
margin,90,0.7972665148063781,0.5880512091038407
margin,110,0.806378132118451,0.6161123684289479
margin,130,0.8109339407744874,0.6176333367110841
margin,150,0.806378132118451,0.5990504119536378
margin,170,0.8154897494305239,0.5836640031013433
margin,190,0.826879271070615,0.5619291194738766
margin,210,0.8314350797266514,0.6298194019251867
margin,230,0.8405466970387244,0.6314616191586185
margin,250,0.8382687927107062,0.6027512317653997
margin,270,0.8405466970387244,0.5706916254013169
margin,290,0.8382687927107062,0.5690720080033057
margin,310,0.8542141230068337,0.6485668692428238
margin,330,0.8496583143507973,0.577118582791034
margin,350,0.856492027334852,0.5807497467071935
margin,370,0.8656036446469249,0.624013119702775
margin,390,0.8656036446469249,0.6253912354315334
margin,410,0.8678815489749431,0.6272892434050147
margin,430,0.876993166287016,0.6640736647064921
margin,450,0.8747152619589977,0.6317576472375234
margin,470,0.8724373576309795,0.6304184920145742
margin,490,0.8724373576309795,0.6301550046452497
margin,510,0.8792710706150342,0.6348105210989111
margin,530,0.876993166287016,0.6317566669325464
margin,550,0.8701594533029613,0.6270370370370371
margin,570,0.8861047835990888,0.6396232345895794
margin,590,0.876993166287016,0.6331956773864881
margin,610,0.8792710706150342,0.6333350230893084
margin,630,0.8838268792710706,0.6365682972093424
margin,650,0.8861047835990888,0.6396030818508419
margin,670,0.8838268792710706,0.6365130934667359
margin,690,0.8883826879271071,0.6395604395604395
margin,710,0.8815489749430524,0.6349894923554475
margin,730,0.8861047835990888,0.6396587404620574
margin,750,0.8883826879271071,0.6412036874736675
margin,770,0.8861047835990888,0.6395494277548917
margin,790,0.876993166287016,0.6317478239051976
margin,810,0.8815489749430524,0.6349894923554475
margin,830,0.8815489749430524,0.6365523100428516
margin,30,0.5421412300683371,0.43879694808688036
margin,50,0.6970387243735763,0.5291654202660439
margin,70,0.7471526195899773,0.5481690016018058
margin,90,0.7744874715261959,0.5705575554304122
margin,110,0.7949886104783599,0.5679292157310415
margin,130,0.8223234624145785,0.587911436827185
margin,150,0.8451025056947609,0.6325088797282933
margin,170,0.8405466970387244,0.6260085709625279
margin,190,0.8428246013667426,0.6029370638376947
margin,210,0.856492027334852,0.6446981956743345
margin,230,0.8610478359908884,0.6173147570527483
margin,250,0.8496583143507973,0.632201541643166
margin,270,0.8633257403189066,0.649273960553787
margin,290,0.8701594533029613,0.6519986583205826
margin,310,0.8633257403189066,0.6473896863370548
margin,330,0.8747152619589977,0.6551089845826689
margin,350,0.876993166287016,0.6852793833528924
margin,370,0.876993166287016,0.6565184506588719
margin,390,0.876993166287016,0.6819857615052123
margin,410,0.8838268792710706,0.6867277315771073
margin,430,0.8929384965831435,0.6723880597014925
margin,450,0.8952164009111617,0.705581483258458
margin,470,0.8906605922551253,0.6412724605793912
margin,490,0.8883826879271071,0.7009320578857002
margin,510,0.8929384965831435,0.6784611633728495
margin,530,0.8838268792710706,0.6365101422422944
margin,550,0.8883826879271071,0.6720357552276058
margin,570,0.8883826879271071,0.6410756674145612
margin,590,0.8861047835990888,0.6702530955342677
margin,610,0.8838268792710706,0.6363822108157535
margin,630,0.8792710706150342,0.632056592233834
margin,650,0.8861047835990888,0.639605549822268
margin,670,0.8883826879271071,0.6751322751322751
margin,690,0.8861047835990888,0.6735501305037729
margin,710,0.8861047835990888,0.6703777026489494
margin,730,0.8838268792710706,0.6364491475602586
margin,750,0.8952164009111617,0.6457000765078439
margin,770,0.8952164009111617,0.6797714859205218
margin,790,0.8883826879271071,0.6752473703711742
margin,810,0.8792710706150342,0.63491430840485
margin,830,0.8883826879271071,0.6411271692432615
margin,30,0.6287015945330297,0.49184535564159576
margin,50,0.6719817767653758,0.5211175545277392
margin,70,0.7585421412300684,0.5772386873864257
margin,90,0.7790432801822323,0.579477176934804
margin,110,0.8154897494305239,0.5839299516908212
margin,130,0.8337129840546698,0.5965075979738735
margin,150,0.8337129840546698,0.6371874061390399
margin,170,0.8542141230068337,0.6384218149606001
margin,190,0.876993166287016,0.6886847060719964
margin,210,0.8519362186788155,0.6408509133444865
margin,230,0.8747152619589977,0.6285450165640469
margin,250,0.8519362186788155,0.6128196300249472
margin,270,0.856492027334852,0.617438335483694
margin,290,0.8656036446469249,0.6533245939844148
margin,310,0.8678815489749431,0.6547703019201502
margin,330,0.8724373576309795,0.6607581535681193
margin,350,0.8656036446469249,0.6530825382070701
margin,370,0.8815489749430524,0.6917779862600114
margin,390,0.8815489749430524,0.6331008003336577
margin,410,0.8838268792710706,0.6935385254257271
margin,430,0.8678815489749431,0.6546897546897547
margin,450,0.8792710706150342,0.6687819304317274
margin,470,0.8792710706150342,0.6629767103347889
margin,490,0.8633257403189066,0.6213667958150131
margin,510,0.8792710706150342,0.662697545699512
margin,530,0.8815489749430524,0.6349234216107936
margin,550,0.8724373576309795,0.6263845889232886
margin,570,0.8747152619589977,0.6289995917277976
margin,590,0.8906605922551253,0.6734977435316992
margin,610,0.8838268792710706,0.6689195072047364
margin,630,0.8792710706150342,0.6321177061941791
margin,650,0.8883826879271071,0.6396222955628896
margin,670,0.8792710706150342,0.6333979889216992
margin,690,0.8815489749430524,0.6673756154426856
margin,710,0.8792710706150342,0.6334074037853804
margin,730,0.8838268792710706,0.6978142970048783
margin,750,0.8861047835990888,0.6736605163205892
margin,770,0.8792710706150342,0.6350257542310522
margin,790,0.8792710706150342,0.6349741012877445
margin,810,0.8861047835990888,0.6394821680649208
margin,830,0.8838268792710706,0.6380788920342674
margin,30,0.5216400911161732,0.43717833958229413
margin,50,0.5535307517084282,0.44921288305512225
margin,70,0.6765375854214123,0.5217971700772309
margin,90,0.7403189066059226,0.5681841267579807
margin,110,0.7813211845102506,0.604158852281219
margin,130,0.8109339407744874,0.6019222575171904
margin,150,0.8337129840546698,0.6003031837010184
margin,170,0.8451025056947609,0.5757640288084044
margin,190,0.8633257403189066,0.657842190016103
margin,210,0.8633257403189066,0.6520776832535728
margin,230,0.856492027334852,0.5829629629629629
margin,250,0.8701594533029613,0.6541389842019846
margin,270,0.856492027334852,0.6448341495606266
margin,290,0.8678815489749431,0.5909743210628166
margin,310,0.876993166287016,0.632039639848073
margin,330,0.8678815489749431,0.6258267598959811
margin,350,0.8952164009111617,0.6768041606449214
margin,370,0.8838268792710706,0.6938942735402912
margin,390,0.8883826879271071,0.7008137933794253
margin,410,0.8861047835990888,0.6736147183666065
margin,430,0.8861047835990888,0.7310258271171087
margin,450,0.8861047835990888,0.7375109557208391
margin,470,0.8815489749430524,0.6704444408224175
margin,490,0.8906605922551253,0.6446461361863006
margin,510,0.8838268792710706,0.6689195072047364
margin,530,0.8906605922551253,0.6804018158987732
margin,550,0.8861047835990888,0.6736053342463794
margin,570,0.8952164009111617,0.7153948723142101
margin,590,0.8883826879271071,0.678924697516023
margin,610,0.8838268792710706,0.6364491475602586
margin,630,0.8838268792710706,0.6380207388240557
margin,650,0.8838268792710706,0.6720265293924846
margin,670,0.8861047835990888,0.7039382609946188
margin,690,0.876993166287016,0.6333893921441222
margin,710,0.8883826879271071,0.705404600610437
margin,730,0.8861047835990888,0.6394903619042759
margin,750,0.8861047835990888,0.6734192478527906
margin,770,0.8838268792710706,0.637827851513586
margin,790,0.8861047835990888,0.6394821680649208
margin,810,0.8861047835990888,0.6734192478527906
margin,830,0.8838268792710706,0.6719604586478307
margin,30,0.6719817767653758,0.5213755629078209
margin,50,0.7471526195899773,0.5783905750603253
margin,70,0.806378132118451,0.5945674560218904
margin,90,0.8109339407744874,0.6002067789979602
margin,110,0.8200455580865603,0.5856143672463358
margin,130,0.8633257403189066,0.6471850079744816
margin,150,0.8519362186788155,0.6114233215645984
margin,170,0.8701594533029613,0.625945032141976
margin,190,0.8610478359908884,0.6170322985467752
margin,210,0.8496583143507973,0.5783338773437783
margin,230,0.8633257403189066,0.5880387242616344
margin,250,0.8519362186788155,0.580365715283233
margin,270,0.8792710706150342,0.6333979889216992
margin,290,0.8724373576309795,0.6275909000635868
margin,310,0.8792710706150342,0.6322342539876095
margin,330,0.8656036446469249,0.6240615289599135
margin,350,0.8678815489749431,0.6233837569205284
margin,370,0.8701594533029613,0.6258989649767478
margin,390,0.8747152619589977,0.6278388757964564
margin,410,0.8815489749430524,0.6335827250573375
margin,430,0.8838268792710706,0.6365101422422944
margin,450,0.8747152619589977,0.6290612801648455
margin,470,0.8815489749430524,0.6349234216107936
margin,490,0.876993166287016,0.6296759599923691
margin,510,0.8815489749430524,0.6350481539382008
margin,530,0.8792710706150342,0.6332842249597529
margin,550,0.8861047835990888,0.639605549822268
margin,570,0.8861047835990888,0.6395494277548917
margin,590,0.8861047835990888,0.6704005656843636
margin,610,0.8792710706150342,0.6349144246384993
margin,630,0.8883826879271071,0.6397413286302175
margin,650,0.8883826879271071,0.6394952597394893
margin,670,0.8861047835990888,0.6380364705345294
margin,690,0.8838268792710706,0.6363219655298863
margin,710,0.8861047835990888,0.6396587404620574
margin,730,0.8838268792710706,0.6379594592872887
margin,750,0.8792710706150342,0.6348540521791911
margin,770,0.8815489749430524,0.6349262610845475
margin,790,0.8883826879271071,0.6410675381263616
margin,810,0.8815489749430524,0.6364974245768947
margin,830,0.8792710706150342,0.6332842249597529
margin,30,0.6241457858769932,0.47943706122430435
margin,50,0.7790432801822323,0.5972972060779113
margin,70,0.7881548974943052,0.5993993124427907
margin,90,0.8382687927107062,0.6205785995890943
margin,110,0.8678815489749431,0.64696852104048
margin,130,0.8428246013667426,0.6298784950958864
margin,150,0.8656036446469249,0.645193250662194
margin,170,0.8587699316628702,0.6374162609784778
margin,190,0.8473804100227791,0.63434464086638
margin,210,0.8542141230068337,0.6387980821619266
margin,230,0.8633257403189066,0.6449137515185096
margin,250,0.8656036446469249,0.6486401360703727
margin,270,0.876993166287016,0.6527151211361738
margin,290,0.8724373576309795,0.6609172701590571
margin,310,0.8747152619589977,0.6597790716498324
margin,330,0.8724373576309795,0.6610365832370376
margin,350,0.8747152619589977,0.659717922256622
margin,370,0.8838268792710706,0.6687904020670592
margin,390,0.876993166287016,0.6319317511370491
margin,410,0.8792710706150342,0.6349741012877445
margin,430,0.8838268792710706,0.6365223470010523
margin,450,0.8792710706150342,0.634983959884733
margin,470,0.876993166287016,0.6334556354335396
margin,490,0.8861047835990888,0.6396587404620574
margin,510,0.8838268792710706,0.6381435615181745
margin,530,0.876993166287016,0.6334458796236458
margin,550,0.8838268792710706,0.6381435615181745
margin,570,0.8792710706150342,0.63491430840485
margin,590,0.8838268792710706,0.6379648597968762
margin,610,0.876993166287016,0.6334458796236458
margin,630,0.8861047835990888,0.639605549822268
margin,650,0.8861047835990888,0.6396232345895794
margin,670,0.8792710706150342,0.6350354826791015
margin,690,0.8792710706150342,0.6348540521791911
margin,710,0.8838268792710706,0.6380233788599609
margin,730,0.8838268792710706,0.6379648597968762
margin,750,0.8883826879271071,0.6410161201139891
margin,770,0.8861047835990888,0.6380515297906603
margin,790,0.8815489749430524,0.6347906271649998
margin,810,0.8815489749430524,0.6364395639604244
margin,830,0.8815489749430524,0.6363732138434592
margin,30,0.5330296127562643,0.421753059528646
margin,50,0.6492027334851936,0.4748356666164885
margin,70,0.7722095671981777,0.5823686886237563
margin,90,0.7722095671981777,0.5918738081748801
margin,110,0.8428246013667426,0.6418423721519521
margin,130,0.8542141230068337,0.6678707394885425
margin,150,0.8428246013667426,0.6221432350464609
margin,170,0.8473804100227791,0.6539998988295489
margin,190,0.8542141230068337,0.6109544057282751
margin,210,0.856492027334852,0.6195059560584876
margin,230,0.8724373576309795,0.6303682396736208
margin,250,0.8701594533029613,0.6302927154276277
margin,270,0.8724373576309795,0.628485136806184
margin,290,0.876993166287016,0.6351242316612336
margin,310,0.8701594533029613,0.6287642322957985
margin,330,0.8792710706150342,0.6367060832720827
margin,350,0.876993166287016,0.6350638678069829
margin,370,0.8747152619589977,0.6336717988362517
margin,390,0.8815489749430524,0.6382539682539683
margin,410,0.8883826879271071,0.6429918764675248
margin,430,0.8815489749430524,0.6382862378546794
margin,450,0.8815489749430524,0.6385157545605308
margin,470,0.8838268792710706,0.6400064133050859
margin,490,0.8838268792710706,0.6400064133050859
margin,510,0.8861047835990888,0.6414416664416664
margin,530,0.8861047835990888,0.6413911175946186
margin,550,0.8815489749430524,0.6364974709831951
margin,570,0.8861047835990888,0.6736670736670737
margin,590,0.8861047835990888,0.704007226502982
margin,610,0.8929384965831435,0.6443597191963205
margin,630,0.8838268792710706,0.6380790193914726
margin,650,0.8883826879271071,0.6411861296242635
margin,670,0.8861047835990888,0.6736147183666065
margin,690,0.8815489749430524,0.6363732138434592
margin,710,0.8838268792710706,0.6380233788599609
margin,730,0.8747152619589977,0.6317433016091427
margin,750,0.8838268792710706,0.6380788920342674
margin,770,0.8883826879271071,0.6411861296242635
margin,790,0.8861047835990888,0.6380367259905465
margin,810,0.8792710706150342,0.63491430840485
margin,830,0.8792710706150342,0.63491430840485
margin,30,0.3416856492027335,0.31725402657606044
margin,50,0.5034168564920274,0.3990212924500498
margin,70,0.6332574031890661,0.4956963990080489
margin,90,0.724373576309795,0.5488209731643552
margin,110,0.8086560364464692,0.5957938587033816
margin,130,0.8337129840546698,0.6151569506726458
margin,150,0.7972665148063781,0.5871623542749648
margin,170,0.806378132118451,0.5776356196416251
margin,190,0.8724373576309795,0.6238368575588322
margin,210,0.8678815489749431,0.59162460683198
margin,230,0.8678815489749431,0.6199275201865875
margin,250,0.8633257403189066,0.6442840944001159
margin,270,0.856492027334852,0.6137795542425467
margin,290,0.856492027334852,0.644322869665268
margin,310,0.876993166287016,0.6848920851337171
margin,330,0.8724373576309795,0.6819206558336992
margin,350,0.8701594533029613,0.6803955991983847
margin,370,0.8701594533029613,0.6538497254332395
margin,390,0.8633257403189066,0.6210980311612482
margin,410,0.8724373576309795,0.6582482325216025
margin,430,0.8724373576309795,0.6900945449511976
margin,450,0.8701594533029613,0.6595135924839705
margin,470,0.8792710706150342,0.6628305839224928
margin,490,0.876993166287016,0.6334800254266295
margin,510,0.8838268792710706,0.6380739082700165
margin,530,0.8861047835990888,0.6395699885160138
margin,550,0.8952164009111617,0.645795585045298
margin,570,0.8724373576309795,0.628485136806184
margin,590,0.8906605922551253,0.6426021476572847
margin,610,0.8861047835990888,0.6396058249583165
margin,630,0.8883826879271071,0.6410161201139891
margin,650,0.8883826879271071,0.641005031830583
margin,670,0.8861047835990888,0.6394172926218581
margin,690,0.8883826879271071,0.6410756674145612
margin,710,0.8883826879271071,0.6412370687789465
margin,730,0.8861047835990888,0.6396587404620574
margin,750,0.8906605922551253,0.6427824980979241
margin,770,0.8906605922551253,0.6427136286613411
margin,790,0.8883826879271071,0.6411861296242635
margin,810,0.8883826879271071,0.6411861296242635
margin,830,0.8861047835990888,0.6414416664416664
margin,30,0.6742596810933941,0.49548660059003913
margin,50,0.7107061503416856,0.5374403376021573
margin,70,0.785876993166287,0.5630588257122447
margin,90,0.8314350797266514,0.5962164013011471
margin,110,0.8633257403189066,0.6382059597186461
margin,130,0.8473804100227791,0.6536110088741668
margin,150,0.856492027334852,0.6679233744943048
margin,170,0.8656036446469249,0.6508883205224655
margin,190,0.8633257403189066,0.6692743864378318
margin,210,0.8747152619589977,0.6803083405811453
margin,230,0.8747152619589977,0.6799932722226893
margin,250,0.8792710706150342,0.6579645822568473
margin,270,0.8838268792710706,0.6365924111126234
margin,290,0.8747152619589977,0.6316944783646109
margin,310,0.8838268792710706,0.6366234792835521
margin,330,0.8906605922551253,0.6446510322190551
margin,350,0.8838268792710706,0.6399615080221599
margin,370,0.8883826879271071,0.6411323330814224
margin,390,0.8952164009111617,0.6458448498249494
margin,410,0.9020501138952164,0.6505750499766068
margin,430,0.8952164009111617,0.645795585045298
margin,450,0.8861047835990888,0.6395494277548917
margin,470,0.8906605922551253,0.6427651708812632
margin,490,0.8952164009111617,0.6475878897814633
margin,510,0.8861047835990888,0.638095238095238
margin,530,0.8815489749430524,0.6349839460950572
margin,550,0.8883826879271071,0.6396907302533053
margin,570,0.8838268792710706,0.6364491475602586
margin,590,0.876993166287016,0.631810372687058
margin,610,0.8906605922551253,0.6411495194582651
margin,630,0.8929384965831435,0.6442933672142597
margin,650,0.8838268792710706,0.6380233788599609
margin,670,0.8861047835990888,0.639605549822268
margin,690,0.8792710706150342,0.6332691618920179
margin,710,0.8929384965831435,0.6441148956250503
margin,730,0.8883826879271071,0.6394952597394893
margin,750,0.8906605922551253,0.6425911222863824
margin,770,0.8838268792710706,0.6380207388240557
margin,790,0.8838268792710706,0.6381314115049993
margin,810,0.8883826879271071,0.6411323330814224
margin,830,0.8838268792710706,0.6380233788599609
margin,30,0.5580865603644647,0.4487929727730034
margin,50,0.7312072892938497,0.5775378142685975
margin,70,0.7585421412300684,0.5935490746168759
margin,90,0.7995444191343963,0.6080122372550572
margin,110,0.8223234624145785,0.6364455032980652
margin,130,0.8451025056947609,0.6568748711605855
margin,150,0.8314350797266514,0.6006521997131917
margin,170,0.8519362186788155,0.6120675842983031
margin,190,0.8656036446469249,0.6235196795541623
margin,210,0.8656036446469249,0.5897822445561139
margin,230,0.876993166287016,0.6302456968361558
margin,250,0.8724373576309795,0.6287654401452225
margin,270,0.876993166287016,0.6332006486805248
margin,290,0.876993166287016,0.6610225038234651
margin,310,0.8724373576309795,0.6300152172395058
margin,330,0.8701594533029613,0.6269674397883288
margin,350,0.8747152619589977,0.6316088978326605
margin,370,0.876993166287016,0.6332642596219977
margin,390,0.8724373576309795,0.6640801010815834
margin,410,0.8792710706150342,0.6349912681140526
margin,430,0.876993166287016,0.633470125338271
margin,450,0.8838268792710706,0.6381343129303628
margin,470,0.8861047835990888,0.6396591452545541
margin,490,0.8861047835990888,0.6395440934994688
margin,510,0.876993166287016,0.6332642596219977
margin,530,0.8861047835990888,0.6396030818508419
margin,550,0.8838268792710706,0.6380207388240557
margin,570,0.8815489749430524,0.5981980814104226
margin,590,0.8815489749430524,0.6364974709831951
margin,610,0.8815489749430524,0.6365523100428516
margin,630,0.8838268792710706,0.6380207388240557
margin,650,0.8861047835990888,0.6395440934994688
margin,670,0.876993166287016,0.6333297001659571
margin,690,0.8792710706150342,0.6348540521791911
margin,710,0.8792710706150342,0.6349144246384993
margin,730,0.8883826879271071,0.6411323330814224
margin,750,0.8929384965831435,0.6442933672142597
margin,770,0.8906605922551253,0.642659291549359
margin,790,0.8792710706150342,0.6349716544442711
margin,810,0.8792710706150342,0.6349716544442711
margin,830,0.8815489749430524,0.6366040931377852
reliability_weighted,30,0.5831435079726651,0.4718833466708339
reliability_weighted,50,0.6970387243735763,0.5189667700058128
reliability_weighted,70,0.7403189066059226,0.5755813414779097
reliability_weighted,90,0.806378132118451,0.5771713024012345
reliability_weighted,110,0.826879271070615,0.5667178699436763
reliability_weighted,130,0.8428246013667426,0.5742241606903261
reliability_weighted,150,0.8337129840546698,0.5987540462391402
reliability_weighted,170,0.8337129840546698,0.6003582202111614
reliability_weighted,190,0.8405466970387244,0.6051315503370298
reliability_weighted,210,0.8473804100227791,0.5765804792202518
reliability_weighted,230,0.8542141230068337,0.5798335632976889
reliability_weighted,250,0.856492027334852,0.5813709562798764
reliability_weighted,270,0.8428246013667426,0.5729827970920608
reliability_weighted,290,0.8542141230068337,0.5798741325057115
reliability_weighted,310,0.8701594533029613,0.6274977416440831
reliability_weighted,330,0.8724373576309795,0.6304457484534771
reliability_weighted,350,0.8633257403189066,0.624289334377819
reliability_weighted,370,0.8633257403189066,0.6228475113924031
reliability_weighted,390,0.8747152619589977,0.6319725229337855
reliability_weighted,410,0.8701594533029613,0.5911237629299303
reliability_weighted,430,0.8724373576309795,0.6321842880299947
reliability_weighted,450,0.8861047835990888,0.6414143052851684
reliability_weighted,470,0.8883826879271071,0.6429176214564688
reliability_weighted,490,0.8838268792710706,0.6398592827676038
reliability_weighted,510,0.8792710706150342,0.5960013639871499
reliability_weighted,530,0.8861047835990888,0.67038149550883
reliability_weighted,550,0.8838268792710706,0.6380233788599609
reliability_weighted,570,0.8861047835990888,0.6397090112415132
reliability_weighted,590,0.8883826879271071,0.6412516403572476
reliability_weighted,610,0.8952164009111617,0.6458143963987362
reliability_weighted,630,0.8952164009111617,0.6798262640583771
reliability_weighted,650,0.8883826879271071,0.6412370687789465
reliability_weighted,670,0.8883826879271071,0.6411839374952005
reliability_weighted,690,0.8929384965831435,0.6443427260528937
reliability_weighted,710,0.8861047835990888,0.6396591452545541
reliability_weighted,730,0.8906605922551253,0.6426513310894649
reliability_weighted,750,0.8815489749430524,0.6349894923554475
reliability_weighted,770,0.8815489749430524,0.6349234216107936
reliability_weighted,790,0.8883826879271071,0.6395604395604395
reliability_weighted,810,0.8792710706150342,0.6333979889216992
reliability_weighted,830,0.8838268792710706,0.6364491475602586
reliability_weighted,30,0.5261958997722096,0.40597154783201295
reliability_weighted,50,0.662870159453303,0.4916535912257472
reliability_weighted,70,0.6856492027334852,0.49167725973394516
reliability_weighted,90,0.7676537585421412,0.5512379440131733
reliability_weighted,110,0.8428246013667426,0.5777996012917558
reliability_weighted,130,0.856492027334852,0.5841808899252983
reliability_weighted,150,0.8496583143507973,0.5792590012625712
reliability_weighted,170,0.856492027334852,0.5831620613534292
reliability_weighted,190,0.856492027334852,0.5829705570792157
reliability_weighted,210,0.8633257403189066,0.5875344952795932
reliability_weighted,230,0.8610478359908884,0.5849687344483632
reliability_weighted,250,0.8678815489749431,0.5888409238074681
reliability_weighted,270,0.8678815489749431,0.5888400046008742
reliability_weighted,290,0.8701594533029613,0.5901679486071502
reliability_weighted,310,0.876993166287016,0.5962000531536956
reliability_weighted,330,0.8656036446469249,0.589336319424815
reliability_weighted,350,0.8815489749430524,0.5988784858116923
reliability_weighted,370,0.8838268792710706,0.6004933249670035
reliability_weighted,390,0.8906605922551253,0.6051736881005173
reliability_weighted,410,0.8861047835990888,0.6020810558255492
reliability_weighted,430,0.8792710706150342,0.5966717966717967
reliability_weighted,450,0.8815489749430524,0.599586442246515
reliability_weighted,470,0.8861047835990888,0.6010563938489919
reliability_weighted,490,0.876993166287016,0.5950909539050538
reliability_weighted,510,0.8815489749430524,0.6366040931377852
reliability_weighted,530,0.8815489749430524,0.6364974709831951
reliability_weighted,550,0.8815489749430524,0.6366040931377852
reliability_weighted,570,0.8929384965831435,0.6428987687265834
reliability_weighted,590,0.8883826879271071,0.6411861296242635
reliability_weighted,610,0.8883826879271071,0.6411861296242635
reliability_weighted,630,0.8861047835990888,0.639605549822268
reliability_weighted,650,0.8929384965831435,0.6441756169654346
reliability_weighted,670,0.8883826879271071,0.6410675381263616
reliability_weighted,690,0.8838268792710706,0.6380788920342674
reliability_weighted,710,0.8861047835990888,0.639605549822268
reliability_weighted,730,0.8792710706150342,0.6348513804482158
reliability_weighted,750,0.8792710706150342,0.6348540521791911
reliability_weighted,770,0.876993166287016,0.6333297001659571
reliability_weighted,790,0.8747152619589977,0.6318054704170378
reliability_weighted,810,0.8861047835990888,0.639605549822268
reliability_weighted,830,0.8815489749430524,0.6347906271649998
reliability_weighted,30,0.6287015945330297,0.5006228691319171
reliability_weighted,50,0.6993166287015945,0.5191451029160887
reliability_weighted,70,0.8154897494305239,0.6016215468270262
reliability_weighted,90,0.8519362186788155,0.6090791391565662
reliability_weighted,110,0.8428246013667426,0.6510787060925685
reliability_weighted,130,0.8496583143507973,0.6405096226524798
reliability_weighted,150,0.8542141230068337,0.6612434203045275
reliability_weighted,170,0.8519362186788155,0.6374889368596626
reliability_weighted,190,0.8496583143507973,0.660447542320841
reliability_weighted,210,0.8724373576309795,0.6790074577728635
reliability_weighted,230,0.876993166287016,0.6821828591876901
reliability_weighted,250,0.8724373576309795,0.6537341147586136
reliability_weighted,270,0.8678815489749431,0.624359124820263
reliability_weighted,290,0.8929384965831435,0.7039931993548105
reliability_weighted,310,0.8906605922551253,0.6682266324057369
reliability_weighted,330,0.8838268792710706,0.6352377486518148
reliability_weighted,350,0.8792710706150342,0.6334034214828916
reliability_weighted,370,0.8815489749430524,0.6363988663939696
reliability_weighted,390,0.8815489749430524,0.6705016694428708
reliability_weighted,410,0.8815489749430524,0.6350178893848263
reliability_weighted,430,0.8906605922551253,0.6427340422072644
reliability_weighted,450,0.8906605922551253,0.6427340422072644
reliability_weighted,470,0.8929384965831435,0.6427522334323958
reliability_weighted,490,0.8883826879271071,0.6397413286302175
reliability_weighted,510,0.8883826879271071,0.6397657515431093
reliability_weighted,530,0.8883826879271071,0.6398057085350155
reliability_weighted,550,0.8815489749430524,0.6327425262909134
reliability_weighted,570,0.8838268792710706,0.6352358206605603
reliability_weighted,590,0.8861047835990888,0.639720928159062
reliability_weighted,610,0.8838268792710706,0.6381435615181745
reliability_weighted,630,0.8792710706150342,0.6334646324058338
reliability_weighted,650,0.8861047835990888,0.6396587404620574
reliability_weighted,670,0.8815489749430524,0.6349839460950572
reliability_weighted,690,0.8883826879271071,0.6718434838129236
reliability_weighted,710,0.8861047835990888,0.6396587404620574
reliability_weighted,730,0.8792710706150342,0.6349741012877445
reliability_weighted,750,0.8838268792710706,0.6380207388240557
reliability_weighted,770,0.8838268792710706,0.6365130934667359
reliability_weighted,790,0.8815489749430524,0.6350414231208933
reliability_weighted,810,0.8815489749430524,0.6365523100428516
reliability_weighted,830,0.8838268792710706,0.6380788920342674
reliability_weighted,30,0.6446469248291572,0.5007549323282081
reliability_weighted,50,0.6332574031890661,0.4966194667687205
reliability_weighted,70,0.6993166287015945,0.517733947245611
reliability_weighted,90,0.744874715261959,0.5518153802557473
reliability_weighted,110,0.8246013667425968,0.5907778657053254
reliability_weighted,130,0.8291571753986332,0.5964157804084534
reliability_weighted,150,0.8382687927107062,0.632289009411821
reliability_weighted,170,0.8473804100227791,0.6433389251928137
reliability_weighted,190,0.8587699316628702,0.6459805427547363
reliability_weighted,210,0.8656036446469249,0.6213548934307368
reliability_weighted,230,0.8656036446469249,0.6530825382070701
reliability_weighted,250,0.876993166287016,0.6638742290055138
reliability_weighted,270,0.8792710706150342,0.6656219600535174
reliability_weighted,290,0.8678815489749431,0.6548232796847967
reliability_weighted,310,0.8701594533029613,0.6594468441185086
reliability_weighted,330,0.8792710706150342,0.6629510150108258
reliability_weighted,350,0.8724373576309795,0.6610327514402218
reliability_weighted,370,0.876993166287016,0.6641031392835853
reliability_weighted,390,0.8724373576309795,0.6609022556390978
reliability_weighted,410,0.8792710706150342,0.6626262626262626
reliability_weighted,430,0.8838268792710706,0.6658410112001166
reliability_weighted,450,0.876993166287016,0.6610996064117906
reliability_weighted,470,0.8701594533029613,0.6271775173540369
reliability_weighted,490,0.8747152619589977,0.630285835601104
reliability_weighted,510,0.8724373576309795,0.6287053312725499
reliability_weighted,530,0.8792710706150342,0.6335145661017603
reliability_weighted,550,0.8747152619589977,0.630285835601104
reliability_weighted,570,0.8747152619589977,0.6304056529199684
reliability_weighted,590,0.8815489749430524,0.6350414231208933
reliability_weighted,610,0.8861047835990888,0.6382541239400765
reliability_weighted,630,0.8838268792710706,0.6380233788599609
reliability_weighted,650,0.8815489749430524,0.6364974709831951
reliability_weighted,670,0.8861047835990888,0.6395494277548917
reliability_weighted,690,0.8815489749430524,0.6364368559094725
reliability_weighted,710,0.8815489749430524,0.6364974709831951
reliability_weighted,730,0.8883826879271071,0.6396787621153411
reliability_weighted,750,0.8883826879271071,0.6396787621153411
reliability_weighted,770,0.8838268792710706,0.6365682972093424
reliability_weighted,790,0.8861047835990888,0.6380364705345294
reliability_weighted,810,0.8883826879271071,0.63962276545058
reliability_weighted,830,0.8952164009111617,0.6798896576674355
reliability_weighted,30,0.6013667425968109,0.48585717377700327
reliability_weighted,50,0.715261958997722,0.5446654356990884
reliability_weighted,70,0.7084282460136674,0.5455904739352525
reliability_weighted,90,0.785876993166287,0.5866915845509119
reliability_weighted,110,0.8200455580865603,0.6059592885132453
reliability_weighted,130,0.826879271070615,0.5935784941996122
reliability_weighted,150,0.8496583143507973,0.6364838333216741
reliability_weighted,170,0.8496583143507973,0.6090900128167208
reliability_weighted,190,0.8678815489749431,0.6225743198728577
reliability_weighted,210,0.8519362186788155,0.6393249219461358
reliability_weighted,230,0.8747152619589977,0.5963426266590358
reliability_weighted,250,0.8747152619589977,0.6550451505327525
reliability_weighted,270,0.8610478359908884,0.6194996689494899
reliability_weighted,290,0.8701594533029613,0.6249720126197642
reliability_weighted,310,0.8815489749430524,0.6643591604504421
reliability_weighted,330,0.8724373576309795,0.627407980736154
reliability_weighted,350,0.8656036446469249,0.6227130342852836
reliability_weighted,370,0.8633257403189066,0.6213024946219319
reliability_weighted,390,0.8678815489749431,0.6231877729257642
reliability_weighted,410,0.8701594533029613,0.6257413140694874
reliability_weighted,430,0.8678815489749431,0.6243652609785332
reliability_weighted,450,0.8815489749430524,0.664480963671545
reliability_weighted,470,0.8792710706150342,0.6312039312039311
reliability_weighted,490,0.876993166287016,0.6613021387214936
reliability_weighted,510,0.8747152619589977,0.6598340526323437
reliability_weighted,530,0.8906605922551253,0.6768475093123348
reliability_weighted,550,0.8815489749430524,0.6366040931377852
reliability_weighted,570,0.8838268792710706,0.6381435615181745
reliability_weighted,590,0.8815489749430524,0.6364368559094725
reliability_weighted,610,0.8883826879271071,0.6750885668276972
reliability_weighted,630,0.876993166287016,0.6333893921441222
reliability_weighted,650,0.8815489749430524,0.6364974709831951
reliability_weighted,670,0.8815489749430524,0.6364368559094725
reliability_weighted,690,0.8815489749430524,0.6349839460950572
reliability_weighted,710,0.8861047835990888,0.6396587404620574
reliability_weighted,730,0.8792710706150342,0.6348540521791911
reliability_weighted,750,0.8747152619589977,0.6302210442209139
reliability_weighted,770,0.8815489749430524,0.6365549323942438
reliability_weighted,790,0.8838268792710706,0.6380233788599609
reliability_weighted,810,0.876993166287016,0.6333297001659571
reliability_weighted,830,0.8883826879271071,0.6395604395604395
reliability_weighted,30,0.4624145785876993,0.4205306223654848
reliability_weighted,50,0.5216400911161732,0.4384835594457968
reliability_weighted,70,0.6583143507972665,0.5010059770081
reliability_weighted,90,0.7289293849658315,0.5367294402561852
reliability_weighted,110,0.7881548974943052,0.5647859841408228
reliability_weighted,130,0.7995444191343963,0.5721056941295036
reliability_weighted,150,0.835990888382688,0.5716505716505716
reliability_weighted,170,0.856492027334852,0.5834978486459125
reliability_weighted,190,0.8451025056947609,0.574474516620065
reliability_weighted,210,0.8656036446469249,0.5868575402971375
reliability_weighted,230,0.8633257403189066,0.6261253065955096
reliability_weighted,250,0.8633257403189066,0.5853326307563814
reliability_weighted,270,0.8815489749430524,0.6350998684281383
reliability_weighted,290,0.876993166287016,0.632039639848073
reliability_weighted,310,0.876993166287016,0.632039639848073
reliability_weighted,330,0.8815489749430524,0.6365523100428516
reliability_weighted,350,0.8838268792710706,0.6381314115049993
reliability_weighted,370,0.876993166287016,0.6335985391939482
reliability_weighted,390,0.8792710706150342,0.6351291668840978
reliability_weighted,410,0.8815489749430524,0.6366040931377852
reliability_weighted,430,0.8838268792710706,0.6381903116808533
reliability_weighted,450,0.876993166287016,0.6333917673029477
reliability_weighted,470,0.8838268792710706,0.6660109623297131
reliability_weighted,490,0.8861047835990888,0.6414364342758472
reliability_weighted,510,0.8883826879271071,0.6428635806474872
reliability_weighted,530,0.8906605922551253,0.6428139293452414
reliability_weighted,550,0.8838268792710706,0.6366234792835521
reliability_weighted,570,0.8883826879271071,0.6411839374952005
reliability_weighted,590,0.8815489749430524,0.6348599772257928
reliability_weighted,610,0.8906605922551253,0.6426513310894649
reliability_weighted,630,0.8906605922551253,0.6411471908965454
reliability_weighted,650,0.8861047835990888,0.6702626130543751
reliability_weighted,670,0.8883826879271071,0.6411271692432615
reliability_weighted,690,0.8906605922551253,0.6426513310894649
reliability_weighted,710,0.8838268792710706,0.6380207388240557
reliability_weighted,730,0.8883826879271071,0.6410675381263616
reliability_weighted,750,0.8906605922551253,0.6426513310894649
reliability_weighted,770,0.8906605922551253,0.6427087391247891
reliability_weighted,790,0.8861047835990888,0.6397122950635484
reliability_weighted,810,0.8747152619589977,0.6316754404471813
reliability_weighted,830,0.8838268792710706,0.6380233788599609
reliability_weighted,30,0.5421412300683371,0.43879694808688036
reliability_weighted,50,0.6036446469248291,0.4675830679458958
reliability_weighted,70,0.7175398633257403,0.5306072144078374
reliability_weighted,90,0.7562642369020501,0.5429908844542991
reliability_weighted,110,0.7790432801822323,0.5583385876418664
reliability_weighted,130,0.8200455580865603,0.6091915836101882
reliability_weighted,150,0.8177676537585421,0.5855015961804674
reliability_weighted,170,0.8473804100227791,0.6098200312989045
reliability_weighted,190,0.8223234624145785,0.614404064173475
reliability_weighted,210,0.8496583143507973,0.6102753067038781
reliability_weighted,230,0.856492027334852,0.6158876980048614
reliability_weighted,250,0.856492027334852,0.6167974997113556
reliability_weighted,270,0.8678815489749431,0.5902392510402219
reliability_weighted,290,0.8473804100227791,0.5774317653890825
reliability_weighted,310,0.8428246013667426,0.5742594035276962
reliability_weighted,330,0.8633257403189066,0.6224751580849142
reliability_weighted,350,0.8724373576309795,0.6287963218855875
reliability_weighted,370,0.8656036446469249,0.6257453148233972
reliability_weighted,390,0.876993166287016,0.6334507195339333
reliability_weighted,410,0.8678815489749431,0.6256195043242572
reliability_weighted,430,0.8701594533029613,0.659564912891195
reliability_weighted,450,0.8747152619589977,0.6304607046070462
reliability_weighted,470,0.8724373576309795,0.628822079153205
reliability_weighted,490,0.876993166287016,0.6642074539696715
reliability_weighted,510,0.8815489749430524,0.6364490275414317
reliability_weighted,530,0.8815489749430524,0.6704948693403806
reliability_weighted,550,0.8906605922551253,0.6426513310894649
reliability_weighted,570,0.8883826879271071,0.6410675381263616
reliability_weighted,590,0.8838268792710706,0.6004430541875476
reliability_weighted,610,0.8861047835990888,0.6396591452545541
reliability_weighted,630,0.8883826879271071,0.6411839374952005
reliability_weighted,650,0.8883826879271071,0.6411271692432615
reliability_weighted,670,0.8883826879271071,0.6411861296242635
reliability_weighted,690,0.89749430523918,0.681407476109463
reliability_weighted,710,0.8861047835990888,0.6395440934994688
reliability_weighted,730,0.8929384965831435,0.6782435671324559
reliability_weighted,750,0.8883826879271071,0.6411271692432615
reliability_weighted,770,0.876993166287016,0.6332763067668483
reliability_weighted,790,0.8883826879271071,0.6751322751322751
reliability_weighted,810,0.8792710706150342,0.6347853042416486
reliability_weighted,830,0.8838268792710706,0.6378951680361159
reliability_weighted,30,0.6287015945330297,0.49184535564159576
reliability_weighted,50,0.7608200455580866,0.592429830450898
reliability_weighted,70,0.7699316628701595,0.5892040773606412
reliability_weighted,90,0.8473804100227791,0.5760577870828026
reliability_weighted,110,0.8314350797266514,0.5666832190130072
reliability_weighted,130,0.8519362186788155,0.6394931250103665
reliability_weighted,150,0.8587699316628702,0.6186054744150461
reliability_weighted,170,0.8678815489749431,0.6257684737101417
reliability_weighted,190,0.8701594533029613,0.6242052449287677
reliability_weighted,210,0.8610478359908884,0.5863870932695964
reliability_weighted,230,0.8792710706150342,0.5982106231375717
reliability_weighted,250,0.8656036446469249,0.5887427083163654
reliability_weighted,270,0.8747152619589977,0.6598369372562921
reliability_weighted,290,0.876993166287016,0.5950940569815343
reliability_weighted,310,0.8815489749430524,0.6365645896550011
reliability_weighted,330,0.8747152619589977,0.5935838125297246
reliability_weighted,350,0.8678815489749431,0.5888424275536756
reliability_weighted,370,0.8747152619589977,0.593666772765936
reliability_weighted,390,0.8861047835990888,0.6013705414629315
reliability_weighted,410,0.8747152619589977,0.5935685935685936
reliability_weighted,430,0.8656036446469249,0.5873621873621874
reliability_weighted,450,0.876993166287016,0.5949816136707765
reliability_weighted,470,0.8815489749430524,0.6350481539382008
reliability_weighted,490,0.8815489749430524,0.6337639605487443
reliability_weighted,510,0.876993166287016,0.6673886205191351
reliability_weighted,530,0.8792710706150342,0.6336736267761776
reliability_weighted,550,0.8838268792710706,0.5997749997749998
reliability_weighted,570,0.876993166287016,0.659132475785125
reliability_weighted,590,0.8861047835990888,0.6368793270304475
reliability_weighted,610,0.8861047835990888,0.6382103333341371
reliability_weighted,630,0.8883826879271071,0.6412516403572476
reliability_weighted,650,0.8952164009111617,0.6798262640583771
reliability_weighted,670,0.8906605922551253,0.6767157991523782
reliability_weighted,690,0.8952164009111617,0.6458914523193856
reliability_weighted,710,0.8792710706150342,0.6349716544442711
reliability_weighted,730,0.8906605922551253,0.6427136286613411
reliability_weighted,750,0.8906605922551253,0.642659291549359
reliability_weighted,770,0.8906605922551253,0.6426513310894649
reliability_weighted,790,0.8883826879271071,0.6691316593755618
reliability_weighted,810,0.8929384965831435,0.642608308663225
reliability_weighted,830,0.8883826879271071,0.6411861296242635
reliability_weighted,30,0.5216400911161732,0.43717833958229413
reliability_weighted,50,0.6264236902050114,0.49363601358928494
reliability_weighted,70,0.7334851936218679,0.5625049054234362
reliability_weighted,90,0.7699316628701595,0.5672585669781932
reliability_weighted,110,0.835990888382688,0.6161724918370126
reliability_weighted,130,0.8496583143507973,0.609067586589742
reliability_weighted,150,0.8291571753986332,0.594910849164623
reliability_weighted,170,0.8337129840546698,0.6011827299715695
reliability_weighted,190,0.8542141230068337,0.6132848848786451
reliability_weighted,210,0.8747152619589977,0.5950610453921712
reliability_weighted,230,0.8678815489749431,0.6245331057307196
reliability_weighted,250,0.8701594533029613,0.5925575699607264
reliability_weighted,270,0.876993166287016,0.6319876764745272
reliability_weighted,290,0.8701594533029613,0.5903592998591298
reliability_weighted,310,0.8678815489749431,0.6232565243955661
reliability_weighted,330,0.8701594533029613,0.624849344204183
reliability_weighted,350,0.8747152619589977,0.6287865097072682
reliability_weighted,370,0.8861047835990888,0.6395440934994688
reliability_weighted,390,0.8883826879271071,0.6028786056720072
reliability_weighted,410,0.8906605922551253,0.6428139293452414
reliability_weighted,430,0.876993166287016,0.5964207952663064
reliability_weighted,450,0.8883826879271071,0.6035668118234142
reliability_weighted,470,0.8792710706150342,0.5972211696349627
reliability_weighted,490,0.8815489749430524,0.5987437730127788
reliability_weighted,510,0.8929384965831435,0.6059629389285457
reliability_weighted,530,0.8883826879271071,0.6411528722949659
reliability_weighted,550,0.89749430523918,0.647340030081673
reliability_weighted,570,0.8883826879271071,0.6411861296242635
reliability_weighted,590,0.8929384965831435,0.6442933672142597
reliability_weighted,610,0.8883826879271071,0.6411323330814224
reliability_weighted,630,0.8883826879271071,0.6411271692432615
reliability_weighted,650,0.8952164009111617,0.6798262640583771
reliability_weighted,670,0.8906605922551253,0.6766593325999266
reliability_weighted,690,0.8838268792710706,0.6720209831320942
reliability_weighted,710,0.8861047835990888,0.6993442956630465
reliability_weighted,730,0.8838268792710706,0.6380790193914726
reliability_weighted,750,0.8952164009111617,0.6797087685976576
reliability_weighted,770,0.8861047835990888,0.639605549822268
reliability_weighted,790,0.8883826879271071,0.6411323330814224
reliability_weighted,810,0.8883826879271071,0.6411323330814224
reliability_weighted,830,0.8815489749430524,0.6363732138434592
reliability_weighted,30,0.6719817767653758,0.5213755629078209
reliability_weighted,50,0.7357630979498861,0.5552316103321723
reliability_weighted,70,0.7790432801822323,0.5877623450613084
reliability_weighted,90,0.7630979498861048,0.5677155031137332
reliability_weighted,110,0.8086560364464692,0.5786449016100179
reliability_weighted,130,0.8154897494305239,0.5850667017728629
reliability_weighted,150,0.835990888382688,0.6020865029341448
reliability_weighted,170,0.8473804100227791,0.6089595762492959
reliability_weighted,190,0.8542141230068337,0.6393373969834211
reliability_weighted,210,0.8678815489749431,0.6246974794539221
reliability_weighted,230,0.8519362186788155,0.6114576013650866
reliability_weighted,250,0.8633257403189066,0.621363487122312
reliability_weighted,270,0.8678815489749431,0.6258218134844892
reliability_weighted,290,0.876993166287016,0.6320867208672087
reliability_weighted,310,0.8678815489749431,0.6274340211574932
reliability_weighted,330,0.8633257403189066,0.6228690486286667
reliability_weighted,350,0.8610478359908884,0.6226751293737834
reliability_weighted,370,0.8633257403189066,0.6242386654580729
reliability_weighted,390,0.8792710706150342,0.6350838812616475
reliability_weighted,410,0.8747152619589977,0.6305209747409353
reliability_weighted,430,0.8724373576309795,0.628822079153205
reliability_weighted,450,0.8701594533029613,0.6272967397381765
reliability_weighted,470,0.8747152619589977,0.5935838125297246
reliability_weighted,490,0.8838268792710706,0.5997749997749998
reliability_weighted,510,0.8724373576309795,0.5920431314963577
reliability_weighted,530,0.876993166287016,0.5951455472056665
reliability_weighted,550,0.8815489749430524,0.5989278752436648
reliability_weighted,570,0.8792710706150342,0.5974371451743714
reliability_weighted,590,0.8701594533029613,0.5905176213633281
reliability_weighted,610,0.8861047835990888,0.6397090112415132
reliability_weighted,630,0.8815489749430524,0.6366608115865741
reliability_weighted,650,0.8838268792710706,0.6365740615248636
reliability_weighted,670,0.8861047835990888,0.6380367259905465
reliability_weighted,690,0.8929384965831435,0.644241287302884
reliability_weighted,710,0.8861047835990888,0.639605549822268
reliability_weighted,730,0.8906605922551253,0.6411495194582651
reliability_weighted,750,0.8815489749430524,0.6348599772257928
reliability_weighted,770,0.8838268792710706,0.6379594592872887
reliability_weighted,790,0.8861047835990888,0.6379046060333944
reliability_weighted,810,0.8747152619589977,0.6301561129682821
reliability_weighted,830,0.8861047835990888,0.637972130546388
reliability_weighted,30,0.6241457858769932,0.47943706122430435
reliability_weighted,50,0.765375854214123,0.596351412146296
reliability_weighted,70,0.7744874715261959,0.5829557375338463
reliability_weighted,90,0.8223234624145785,0.5899255272141212
reliability_weighted,110,0.7995444191343963,0.6041918847268922
reliability_weighted,130,0.8132118451025057,0.5889581169955002
reliability_weighted,150,0.806378132118451,0.5819150496910948
reliability_weighted,170,0.8200455580865603,0.5935991916758964
reliability_weighted,190,0.8542141230068337,0.6167628667628668
reliability_weighted,210,0.8542141230068337,0.6460939200069634
reliability_weighted,230,0.8587699316628702,0.6465608119236478
reliability_weighted,250,0.8792710706150342,0.6630065359477124
reliability_weighted,270,0.8701594533029613,0.654416703578239
reliability_weighted,290,0.8678815489749431,0.6246340382333176
reliability_weighted,310,0.8861047835990888,0.6738920352391227
reliability_weighted,330,0.8861047835990888,0.639926945354413
reliability_weighted,350,0.8747152619589977,0.5937189725879559
reliability_weighted,370,0.8883826879271071,0.6753855210082412
reliability_weighted,390,0.8815489749430524,0.6708420840275617
reliability_weighted,410,0.8815489749430524,0.6367218828996491
reliability_weighted,430,0.8906605922551253,0.6769232378041582
reliability_weighted,450,0.8929384965831435,0.6785469152101591
reliability_weighted,470,0.8838268792710706,0.6382557266938605
reliability_weighted,490,0.8861047835990888,0.601557842792951
reliability_weighted,510,0.8906605922551253,0.6737694307074173
reliability_weighted,530,0.8906605922551253,0.6736900149463816
reliability_weighted,550,0.8861047835990888,0.6360133582891786
reliability_weighted,570,0.8815489749430524,0.6348747102515947
reliability_weighted,590,0.8815489749430524,0.6365124269718944
reliability_weighted,610,0.8883826879271071,0.6411323330814224
reliability_weighted,630,0.8861047835990888,0.6380364705345294
reliability_weighted,650,0.8929384965831435,0.644241287302884
reliability_weighted,670,0.8929384965831435,0.6442933672142597
reliability_weighted,690,0.8997722095671982,0.6489297863394871
reliability_weighted,710,0.8929384965831435,0.6443597191963205
reliability_weighted,730,0.8861047835990888,0.6394821680649208
reliability_weighted,750,0.8838268792710706,0.6380788920342674
reliability_weighted,770,0.8838268792710706,0.6380788920342674
reliability_weighted,790,0.8815489749430524,0.6363732138434592
reliability_weighted,810,0.8838268792710706,0.6380233788599609
reliability_weighted,830,0.8838268792710706,0.6379033218493472
reliability_weighted,30,0.5330296127562643,0.421753059528646
reliability_weighted,50,0.6605922551252847,0.503410138248848
reliability_weighted,70,0.724373576309795,0.5288743509962471
reliability_weighted,90,0.7744874715261959,0.5411953414826978
reliability_weighted,110,0.8132118451025057,0.5593408818926632
reliability_weighted,130,0.7927107061503417,0.5716040641698287
reliability_weighted,150,0.8314350797266514,0.5998920875632344
reliability_weighted,170,0.8405466970387244,0.6073001118080311
reliability_weighted,190,0.8337129840546698,0.600381100461561
reliability_weighted,210,0.8382687927107062,0.6057522680125276
reliability_weighted,230,0.856492027334852,0.6169322143957526
reliability_weighted,250,0.8633257403189066,0.6200215175702593
reliability_weighted,270,0.8542141230068337,0.6149315827695601
reliability_weighted,290,0.876993166287016,0.63058816345263
reliability_weighted,310,0.8792710706150342,0.6333378555600778
reliability_weighted,330,0.8747152619589977,0.6303825062927005
reliability_weighted,350,0.8633257403189066,0.6212651318745105
reliability_weighted,370,0.8656036446469249,0.6511961311961312
reliability_weighted,390,0.8815489749430524,0.6706067898120879
reliability_weighted,410,0.8747152619589977,0.6600827526132405
reliability_weighted,430,0.8724373576309795,0.630346681212078
reliability_weighted,450,0.876993166287016,0.6333893921441222
reliability_weighted,470,0.8861047835990888,0.639789652053154
reliability_weighted,490,0.876993166287016,0.6336542406304105
reliability_weighted,510,0.876993166287016,0.6334991750340572
reliability_weighted,530,0.8838268792710706,0.6381903116808533
reliability_weighted,550,0.8883826879271071,0.641137341854702
reliability_weighted,570,0.8906605922551253,0.6767277672903423
reliability_weighted,590,0.8861047835990888,0.6396591452545541
reliability_weighted,610,0.8838268792710706,0.6380788920342674
reliability_weighted,630,0.8838268792710706,0.6721369054651752
reliability_weighted,650,0.8838268792710706,0.6380788920342674
reliability_weighted,670,0.8861047835990888,0.6395440934994688
reliability_weighted,690,0.8906605922551253,0.6426513310894649
reliability_weighted,710,0.8838268792710706,0.6380207388240557
reliability_weighted,730,0.8815489749430524,0.6705516031387972
reliability_weighted,750,0.8838268792710706,0.6380233788599609
reliability_weighted,770,0.8815489749430524,0.6365523100428516
reliability_weighted,790,0.8815489749430524,0.6364395639604244
reliability_weighted,810,0.8792710706150342,0.6349716544442711
reliability_weighted,830,0.8861047835990888,0.6395494277548917
reliability_weighted,30,0.3416856492027335,0.31725402657606044
reliability_weighted,50,0.44419134396355353,0.39016062047523126
reliability_weighted,70,0.5421412300683371,0.449071034127074
reliability_weighted,90,0.6127562642369021,0.4949667018825141
reliability_weighted,110,0.7357630979498861,0.5542632037867464
reliability_weighted,130,0.7904328018223234,0.5884858886587839
reliability_weighted,150,0.8154897494305239,0.619829546793084
reliability_weighted,170,0.806378132118451,0.6164361571463665
reliability_weighted,190,0.8177676537585421,0.5920714521425364
reliability_weighted,210,0.8337129840546698,0.6529663739558792
reliability_weighted,230,0.8519362186788155,0.6139302079151703
reliability_weighted,250,0.8724373576309795,0.6681344884268062
reliability_weighted,270,0.8542141230068337,0.6165995659320902
reliability_weighted,290,0.8519362186788155,0.6163282289042938
reliability_weighted,310,0.856492027334852,0.61943546649429
reliability_weighted,330,0.8815489749430524,0.6365523100428516
reliability_weighted,350,0.8587699316628702,0.6210201579468229
reliability_weighted,370,0.8542141230068337,0.5802817815868069
reliability_weighted,390,0.8678815489749431,0.588944456133347
reliability_weighted,410,0.8747152619589977,0.6319725229337855
reliability_weighted,430,0.8724373576309795,0.59280856250586
reliability_weighted,450,0.8815489749430524,0.5980166903633064
reliability_weighted,470,0.8747152619589977,0.5934520208567395
reliability_weighted,490,0.8747152619589977,0.5941760810284379
reliability_weighted,510,0.8861047835990888,0.6394903619042759
reliability_weighted,530,0.8815489749430524,0.6364395639604244
reliability_weighted,550,0.8861047835990888,0.6394903619042759
reliability_weighted,570,0.8815489749430524,0.6364974709831951
reliability_weighted,590,0.876993166287016,0.6674971178282436
reliability_weighted,610,0.8815489749430524,0.6365645896550011
reliability_weighted,630,0.8861047835990888,0.6396030818508419
reliability_weighted,650,0.8838268792710706,0.6381314115049993
reliability_weighted,670,0.8883826879271071,0.6751973442958331
reliability_weighted,690,0.8815489749430524,0.6366528314488812
reliability_weighted,710,0.8861047835990888,0.639605549822268
reliability_weighted,730,0.8792710706150342,0.6689730376546427
reliability_weighted,750,0.8861047835990888,0.639605549822268
reliability_weighted,770,0.8861047835990888,0.6395440934994688
reliability_weighted,790,0.8861047835990888,0.6395440934994688
reliability_weighted,810,0.8883826879271071,0.641005031830583
reliability_weighted,830,0.8929384965831435,0.6783094976164282
reliability_weighted,30,0.6742596810933941,0.49548660059003913
reliability_weighted,50,0.6947608200455581,0.5266269019864184
reliability_weighted,70,0.715261958997722,0.519635556362028
reliability_weighted,90,0.8314350797266514,0.5670139927995574
reliability_weighted,110,0.8314350797266514,0.565755514056795
reliability_weighted,130,0.8451025056947609,0.639665211062591
reliability_weighted,150,0.8473804100227791,0.6113727542298971
reliability_weighted,170,0.8542141230068337,0.6177804006635191
reliability_weighted,190,0.8519362186788155,0.6443742740998838
reliability_weighted,210,0.8473804100227791,0.5762366821969471
reliability_weighted,230,0.856492027334852,0.6158421496369225
reliability_weighted,250,0.8656036446469249,0.6257640972131647
reliability_weighted,270,0.8633257403189066,0.5863114576564868
reliability_weighted,290,0.8747152619589977,0.5942834887595473
reliability_weighted,310,0.8656036446469249,0.5880762915245674
reliability_weighted,330,0.8701594533029613,0.6567170902538616
reliability_weighted,350,0.8792710706150342,0.6691270954722212
reliability_weighted,370,0.8678815489749431,0.6612248635934216
reliability_weighted,390,0.8747152619589977,0.6627877612973095
reliability_weighted,410,0.8747152619589977,0.6659298313141752
reliability_weighted,430,0.8838268792710706,0.6692216069495903
reliability_weighted,450,0.8792710706150342,0.665876727919388
reliability_weighted,470,0.8838268792710706,0.6381435615181745
reliability_weighted,490,0.8861047835990888,0.639720928159062
reliability_weighted,510,0.8792710706150342,0.6334863123993558
reliability_weighted,530,0.8861047835990888,0.6381603072587961
reliability_weighted,550,0.8883826879271071,0.6752473703711742
reliability_weighted,570,0.8952164009111617,0.6798408162140781
reliability_weighted,590,0.8838268792710706,0.6365101422422944
reliability_weighted,610,0.8906605922551253,0.6413449899720811
reliability_weighted,630,0.8815489749430524,0.6349839460950572
reliability_weighted,650,0.8883826879271071,0.6411861296242635
reliability_weighted,670,0.8838268792710706,0.6351711115500177
reliability_weighted,690,0.8883826879271071,0.6396222955628896
reliability_weighted,710,0.8861047835990888,0.639720928159062
reliability_weighted,730,0.8792710706150342,0.6334578323033435
reliability_weighted,750,0.8838268792710706,0.6365130934667359
reliability_weighted,770,0.8838268792710706,0.6365682972093424
reliability_weighted,790,0.8883826879271071,0.6396222955628896
reliability_weighted,810,0.8815489749430524,0.6350481539382008
reliability_weighted,830,0.8792710706150342,0.6333378555600778
reliability_weighted,30,0.5580865603644647,0.4487929727730034
reliability_weighted,50,0.6993166287015945,0.5461731465575603
reliability_weighted,70,0.7539863325740319,0.5683719596912742
reliability_weighted,90,0.8177676537585421,0.6167793667793667
reliability_weighted,110,0.8314350797266514,0.6237362467601573
reliability_weighted,130,0.8154897494305239,0.6282372945080783
reliability_weighted,150,0.8246013667425968,0.6235681684850013
reliability_weighted,170,0.835990888382688,0.6312641380480658
reliability_weighted,190,0.8496583143507973,0.6110830172777075
reliability_weighted,210,0.8519362186788155,0.6151513182123437
reliability_weighted,230,0.835990888382688,0.6043412072448888
reliability_weighted,250,0.8678815489749431,0.6290906864863307
reliability_weighted,270,0.8610478359908884,0.6227654417175259
reliability_weighted,290,0.8678815489749431,0.6649802762785401
reliability_weighted,310,0.8656036446469249,0.6952589885978878
reliability_weighted,330,0.8701594533029613,0.6665730229713719
reliability_weighted,350,0.8678815489749431,0.6290826258341115
reliability_weighted,370,0.8792710706150342,0.6726615658981556
reliability_weighted,390,0.8701594533029613,0.6306073824537157
reliability_weighted,410,0.876993166287016,0.6711931371169516
reliability_weighted,430,0.8815489749430524,0.6742511689536114
reliability_weighted,450,0.8815489749430524,0.6742995675361573
reliability_weighted,470,0.8861047835990888,0.6414416664416664
reliability_weighted,490,0.876993166287016,0.6712399350548797
reliability_weighted,510,0.8861047835990888,0.6772945783087772
reliability_weighted,530,0.8883826879271071,0.6787651140294014
reliability_weighted,550,0.8815489749430524,0.5975831358184299
reliability_weighted,570,0.876993166287016,0.6352504791963912
reliability_weighted,590,0.8838268792710706,0.6397450270596393
reliability_weighted,610,0.876993166287016,0.6351782269442285
reliability_weighted,630,0.8792710706150342,0.6367060832720827
reliability_weighted,650,0.876993166287016,0.6350559182555809
reliability_weighted,670,0.8883826879271071,0.6429609449634871
reliability_weighted,690,0.8838268792710706,0.6398592827676038
reliability_weighted,710,0.8838268792710706,0.6380207388240557
reliability_weighted,730,0.8838268792710706,0.6380790193914726
reliability_weighted,750,0.8883826879271071,0.6411271692432615
reliability_weighted,770,0.8861047835990888,0.6395440934994688
reliability_weighted,790,0.8861047835990888,0.6396587404620574
reliability_weighted,810,0.8883826879271071,0.6411861296242635
reliability_weighted,830,0.8861047835990888,0.6736888097117518
